"REGIONAL";"OMR";"UF";"CN";"Cod Ibge";"Station";"CELULA";"GNODEB";"Municipio";"AVAIL";"ACC NSA";"RET NSA";"CQI NSA";"ACC SA";"RET SA";"CQI SA";
"CLARO NE";"NE";"PE";"81";"2607901";"PEJBO14";"52S01PEJBO1401";"GS01PEJBO14";"JABOATAO_DOS_GUARARAPES";"100,00";"97,81";"99,51";"97,33";"100";"100";"100"
"CLARO NE";"NE";"PE";"81";"2607901";"PEJBO14";"52S01PEJBO1402";"GS01PEJBO14";"JABOATAO_DOS_GUARARAPES";"100,00";"93,43";"98,91";"92,41";"100";"100";"100"
"CLARO NE";"NE";"PE";"81";"2607901";"PEJBO14";"52S01PEJBO1403";"GS01PEJBO14";"JABOATAO_DOS_GUARARAPES";"100,00";"96,08";"99,33";"95,44";"100";"100";"100"
"CLARO NE";"NE";"PE";"81";"2607901";"PEJBO14";"55S01PEJBO1401";"GS01PEJBO14";"JABOATAO_DOS_GUARARAPES";"0,00";"100";"100";"0";"100";"100";"0"
"CLARO NE";"NE";"PE";"81";"2607901";"PEJBO14";"55S01PEJBO1402";"GS01PEJBO14";"JABOATAO_DOS_GUARARAPES";"0,00";"100";"100";"0";"100";"100";"0"
"CLARO NE";"NE";"PE";"81";"2607901";"PEJBO14";"55S01PEJBO1403";"GS01PEJBO14";"JABOATAO_DOS_GUARARAPES";"0,00";"100";"100";"0";"100";"100";"0"
"CLARO NE";"NE";"PE";"81";"2611606";"PEBOV01";"52S01PEBOV0101";"GS01PEBOV01";"RECIFE";"100,00";"100";"100";"100";"100";"100";"100"
"CLARO NE";"NE";"PE";"81";"2611606";"PEBOV01";"52S01PEBOV0102";"GS01PEBOV01";"RECIFE";"100,00";"100";"100";"100";"100";"100";"100"
"CLARO NE";"NE";"PE";"81";"2611606";"PEBOV01";"52S01PEBOV0103";"GS01PEBOV01";"RECIFE";"100,00";"100";"91,67";"91,67";"100";"100";"100"
"CLARO NE";"NE";"PE";"81";"2611606";"PEBOV01";"55S01PEBOV0101";"GS01PEBOV01";"RECIFE";"100,00";"99,93";"99,29";"99,22";"100";"100";"100"
"CLARO NE";"NE";"PE";"81";"2611606";"PEBOV01";"55S01PEBOV0102";"GS01PEBOV01";"RECIFE";"100,00";"99,92";"99,33";"99,26";"100";"100";"100"
"CLARO NE";"NE";"PE";"81";"2611606";"PEBOV01";"55S01PEBOV0103";"GS01PEBOV01";"RECIFE";"100,00";"99,91";"99,15";"99,06";"100";"100";"100"
"CLARO NE";"NE";"PE";"81";"2611606";"PEBOV02";"52S01PEBOV0201";"GS01PEBOV02";"RECIFE";"100,00";"100";"100";"100";"100";"100";"100"
"CLARO NE";"NE";"PE";"81";"2611606";"PEBOV02";"52S01PEBOV0202";"GS01PEBOV02";"RECIFE";"100,00";"100";"100";"100";"100";"100";"100"
"CLARO NE";"NE";"PE";"81";"2611606";"PEBOV02";"55S01PEBOV0201";"GS01PEBOV02";"RECIFE";"100,00";"99,89";"99,5";"99,39";"100";"100";"100"
"CLARO NE";"NE";"PE";"81";"2611606";"PEBOV02";"55S01PEBOV0202";"GS01PEBOV02";"RECIFE";"100,00";"99,91";"99,06";"98,97";"100";"100";"100"
"CLARO NE";"NE";"PE";"81";"2611606";"PEBOV04";"52S01PEBOV0401";"GS01PEBOV04";"RECIFE";"100,00";"100";"100";"100";"100";"100";"100"
"CLARO NE";"NE";"PE";"81";"2611606";"PEBOV04";"52S01PEBOV0402";"GS01PEBOV04";"RECIFE";"100,00";"100";"100";"100";"100";"100";"100"
"CLARO NE";"NE";"PE";"81";"2611606";"PEBOV04";"52S01PEBOV0403";"GS01PEBOV04";"RECIFE";"100,00";"100";"100";"100";"100";"100";"100"
"CLARO NE";"NE";"PE";"81";"2611606";"PEBOV04";"55S01PEBOV0401";"GS01PEBOV04";"RECIFE";"100,00";"99,87";"98,36";"98,23";"100";"100";"100"
"CLARO NE";"NE";"PE";"81";"2611606";"PEBOV04";"55S01PEBOV0402";"GS01PEBOV04";"RECIFE";"100,00";"99,86";"98,61";"98,47";"100";"100";"100"
"CLARO NE";"NE";"PE";"81";"2611606";"PEBOV04";"55S01PEBOV0403";"GS01PEBOV04";"RECIFE";"100,00";"99,8";"98,25";"98,05";"100";"100";"100"
"CLARO NE";"NE";"PE";"81";"2611606";"PEBOV05";"52S01PEBOV0501";"GS01PEBOV05";"RECIFE";"100,00";"100";"100";"100";"100";"100";"100"
"CLARO NE";"NE";"PE";"81";"2611606";"PEBOV05";"52S01PEBOV0502";"GS01PEBOV05";"RECIFE";"100,00";"100";"100";"100";"100";"100";"100"
"CLARO NE";"NE";"PE";"81";"2611606";"PEBOV05";"52S01PEBOV0503";"GS01PEBOV05";"RECIFE";"100,00";"100";"100";"100";"100";"100";"100"
"CLARO NE";"NE";"PE";"81";"2611606";"PEBOV05";"55S01PEBOV0501";"GS01PEBOV05";"RECIFE";"100,00";"99,69";"98,41";"98,1";"100";"100";"100"
"CLARO NE";"NE";"PE";"81";"2611606";"PEBOV05";"55S01PEBOV0502";"GS01PEBOV05";"RECIFE";"100,00";"99,77";"98,81";"98,58";"100";"100";"100"
"CLARO NE";"NE";"PE";"81";"2611606";"PEBOV05";"55S01PEBOV0503";"GS01PEBOV05";"RECIFE";"100,00";"99,75";"98,27";"98,03";"100";"100";"100"
"CLARO NE";"NE";"PE";"81";"2611606";"PEBOV06";"52S01PEBOV0601";"GS01PEBOV06";"RECIFE";"100,00";"100";"100";"100";"100";"100";"100"
"CLARO NE";"NE";"PE";"81";"2611606";"PEBOV06";"52S01PEBOV0602";"GS01PEBOV06";"RECIFE";"100,00";"94,44";"93,33";"88,15";"100";"100";"100"
"CLARO NE";"NE";"PE";"81";"2611606";"PEBOV06";"52S01PEBOV0603";"GS01PEBOV06";"RECIFE";"100,00";"100";"92";"92";"100";"100";"100"
"CLARO NE";"NE";"PE";"81";"2611606";"PEBOV06";"55S01PEBOV0601";"GS01PEBOV06";"RECIFE";"100,00";"99,81";"98,59";"98,41";"100";"100";"100"
"CLARO NE";"NE";"PE";"81";"2611606";"PEBOV06";"55S01PEBOV0602";"GS01PEBOV06";"RECIFE";"100,00";"99,73";"98,32";"98,06";"100";"100";"100"
"CLARO NE";"NE";"PE";"81";"2611606";"PEBOV06";"55S01PEBOV0603";"GS01PEBOV06";"RECIFE";"100,00";"99,8";"98,46";"98,26";"100";"100";"100"
"CLARO NE";"NE";"PE";"81";"2611606";"PEBOV07";"52S01PEBOV0701";"GS01PEBOV07";"RECIFE";"100,00";"100";"100";"100";"100";"100";"100"
"CLARO NE";"NE";"PE";"81";"2611606";"PEBOV07";"52S01PEBOV0702";"GS01PEBOV07";"RECIFE";"100,00";"100";"100";"100";"100";"100";"100"
"CLARO NE";"NE";"PE";"81";"2611606";"PEBOV07";"52S01PEBOV0703";"GS01PEBOV07";"RECIFE";"100,00";"100";"100";"100";"100";"100";"100"
"CLARO NE";"NE";"PE";"81";"2611606";"PEBOV07";"55S01PEBOV0701";"GS01PEBOV07";"RECIFE";"100,00";"99,84";"98,68";"98,52";"100";"100";"100"
"CLARO NE";"NE";"PE";"81";"2611606";"PEBOV07";"55S01PEBOV0702";"GS01PEBOV07";"RECIFE";"100,00";"99,85";"98,27";"98,12";"100";"100";"100"
"CLARO NE";"NE";"PE";"81";"2611606";"PEBOV07";"55S01PEBOV0703";"GS01PEBOV07";"RECIFE";"100,00";"99,89";"98,66";"98,56";"100";"100";"100"
"CLARO NE";"NE";"PE";"81";"2611606";"PEBOV10";"52S01PEBOV1001";"GS01PEBOV10";"RECIFE";"100,00";"100";"100";"100";"100";"100";"100"
"CLARO NE";"NE";"PE";"81";"2611606";"PEBOV10";"52S01PEBOV1002";"GS01PEBOV10";"RECIFE";"100,00";"100";"100";"100";"100";"100";"100"
"CLARO NE";"NE";"PE";"81";"2611606";"PEBOV10";"55S01PEBOV1001";"GS01PEBOV10";"RECIFE";"100,00";"99,96";"99,76";"99,72";"100";"100";"100"
"CLARO NE";"NE";"PE";"81";"2611606";"PEBOV10";"55S01PEBOV1002";"GS01PEBOV10";"RECIFE";"100,00";"99,93";"99,61";"99,54";"100";"100";"100"
"CLARO NE";"NE";"PE";"81";"2611606";"PEBOV12";"52S01PEBOV1201";"GS01PEBOV12";"RECIFE";"100,00";"100";"100";"100";"100";"100";"100"
"CLARO NE";"NE";"PE";"81";"2611606";"PEBOV12";"52S01PEBOV1202";"GS01PEBOV12";"RECIFE";"100,00";"100";"100";"100";"100";"100";"100"
"CLARO NE";"NE";"PE";"81";"2611606";"PEBOV12";"52S01PEBOV1203";"GS01PEBOV12";"RECIFE";"100,00";"100";"100";"100";"100";"100";"100"
"CLARO NE";"NE";"PE";"81";"2611606";"PEBOV12";"55S01PEBOV1201";"GS01PEBOV12";"RECIFE";"100,00";"99,61";"98,08";"97,7";"100";"100";"100"
"CLARO NE";"NE";"PE";"81";"2611606";"PEBOV12";"55S01PEBOV1202";"GS01PEBOV12";"RECIFE";"100,00";"99,6";"98,36";"97,97";"100";"100";"100"
"CLARO NE";"NE";"PE";"81";"2611606";"PEBOV12";"55S01PEBOV1203";"GS01PEBOV12";"RECIFE";"100,00";"99,56";"97,93";"97,5";"100";"100";"100"
"CLARO NE";"NE";"PE";"81";"2611606";"PEBOV13";"52S01PEBOV1301";"GS01PEBOV13";"RECIFE";"100,00";"100";"100";"100";"100";"100";"100"
"CLARO NE";"NE";"PE";"81";"2611606";"PEBOV13";"52S01PEBOV1302";"GS01PEBOV13";"RECIFE";"100,00";"100";"100";"100";"100";"100";"100"
"CLARO NE";"NE";"PE";"81";"2611606";"PEBOV13";"52S01PEBOV1303";"GS01PEBOV13";"RECIFE";"100,00";"100";"100";"100";"100";"100";"100"
"CLARO NE";"NE";"PE";"81";"2611606";"PEBOV13";"55S01PEBOV1301";"GS01PEBOV13";"RECIFE";"100,00";"99,72";"98,68";"98,4";"100";"100";"100"
"CLARO NE";"NE";"PE";"81";"2611606";"PEBOV13";"55S01PEBOV1302";"GS01PEBOV13";"RECIFE";"100,00";"99,93";"98,9";"98,83";"100";"100";"100"
"CLARO NE";"NE";"PE";"81";"2611606";"PEBOV13";"55S01PEBOV1303";"GS01PEBOV13";"RECIFE";"100,00";"99,8";"98,69";"98,49";"100";"100";"100"
"CLARO NE";"NE";"PE";"81";"2611606";"PEBOV14";"52S01PEBOV1401";"GS01PEBOV14";"RECIFE";"100,00";"100";"85,71";"85,71";"100";"100";"100"
"CLARO NE";"NE";"PE";"81";"2611606";"PEBOV14";"52S01PEBOV1402";"GS01PEBOV14";"RECIFE";"100,00";"100";"100";"100";"100";"100";"100"
"CLARO NE";"NE";"PE";"81";"2611606";"PEBOV14";"52S01PEBOV1403";"GS01PEBOV14";"RECIFE";"100,00";"100";"100";"100";"100";"100";"100"
"CLARO NE";"NE";"PE";"81";"2611606";"PEBOV14";"55S01PEBOV1401";"GS01PEBOV14";"RECIFE";"100,00";"99,67";"97,33";"97,01";"100";"100";"100"
"CLARO NE";"NE";"PE";"81";"2611606";"PEBOV14";"55S01PEBOV1402";"GS01PEBOV14";"RECIFE";"100,00";"99,83";"97,69";"97,52";"100";"100";"100"
"CLARO NE";"NE";"PE";"81";"2611606";"PEBOV14";"55S01PEBOV1403";"GS01PEBOV14";"RECIFE";"100,00";"99,9";"98,8";"98,7";"100";"100";"100"
"CLARO NE";"NE";"PE";"81";"2611606";"PEBOV15";"52S01PEBOV1501";"GS01PEBOV15";"RECIFE";"100,00";"100";"100";"100";"100";"100";"100"
"CLARO NE";"NE";"PE";"81";"2611606";"PEBOV15";"52S01PEBOV1502";"GS01PEBOV15";"RECIFE";"100,00";"100";"100";"100";"100";"100";"100"
"CLARO NE";"NE";"PE";"81";"2611606";"PEBOV15";"52S01PEBOV1503";"GS01PEBOV15";"RECIFE";"100,00";"100";"100";"100";"100";"100";"100"
"CLARO NE";"NE";"PE";"81";"2611606";"PEBOV15";"55S01PEBOV1501";"GS01PEBOV15";"RECIFE";"100,00";"99,88";"98,77";"98,65";"100";"100";"100"
"CLARO NE";"NE";"PE";"81";"2611606";"PEBOV15";"55S01PEBOV1502";"GS01PEBOV15";"RECIFE";"100,00";"99,69";"98,55";"98,24";"100";"100";"100"
"CLARO NE";"NE";"PE";"81";"2611606";"PEBOV15";"55S01PEBOV1503";"GS01PEBOV15";"RECIFE";"100,00";"99,66";"98,14";"97,81";"100";"100";"100"
"CLARO NE";"NE";"PE";"81";"2611606";"PEBOV16";"52S01PEBOV1601";"GS01PEBOV16";"RECIFE";"100,00";"100";"50";"50";"100";"100";"100"
"CLARO NE";"NE";"PE";"81";"2611606";"PEBOV16";"52S01PEBOV1602";"GS01PEBOV16";"RECIFE";"100,00";"100";"100";"100";"100";"100";"100"
"CLARO NE";"NE";"PE";"81";"2611606";"PEBOV16";"52S01PEBOV1603";"GS01PEBOV16";"RECIFE";"100,00";"100";"100";"100";"100";"100";"100"
"CLARO NE";"NE";"PE";"81";"2611606";"PEBOV16";"55S01PEBOV1601";"GS01PEBOV16";"RECIFE";"100,00";"99,84";"98,86";"98,7";"100";"100";"100"
"CLARO NE";"NE";"PE";"81";"2611606";"PEBOV16";"55S01PEBOV1602";"GS01PEBOV16";"RECIFE";"100,00";"99,86";"99,11";"98,98";"100";"100";"100"
"CLARO NE";"NE";"PE";"81";"2611606";"PEBOV16";"55S01PEBOV1603";"GS01PEBOV16";"RECIFE";"100,00";"99,94";"99,24";"99,18";"100";"100";"100"
"CLARO NE";"NE";"PE";"81";"2611606";"PEBOV17";"52S01PEBOV1701";"GS01PEBOV17";"RECIFE";"100,00";"100";"100";"100";"100";"100";"100"
"CLARO NE";"NE";"PE";"81";"2611606";"PEBOV17";"52S01PEBOV1702";"GS01PEBOV17";"RECIFE";"100,00";"93,33";"100";"93,33";"100";"100";"100"
"CLARO NE";"NE";"PE";"81";"2611606";"PEBOV17";"52S01PEBOV1703";"GS01PEBOV17";"RECIFE";"100,00";"100";"100";"100";"100";"100";"100"
"CLARO NE";"NE";"PE";"81";"2611606";"PEBOV17";"55S01PEBOV1701";"GS01PEBOV17";"RECIFE";"100,00";"99,93";"99,38";"99,31";"100";"100";"100"
"CLARO NE";"NE";"PE";"81";"2611606";"PEBOV17";"55S01PEBOV1702";"GS01PEBOV17";"RECIFE";"100,00";"99,92";"99,4";"99,33";"100";"100";"100"
"CLARO NE";"NE";"PE";"81";"2611606";"PEBOV17";"55S01PEBOV1703";"GS01PEBOV17";"RECIFE";"100,00";"99,9";"98,79";"98,69";"100";"100";"100"
"CLARO NE";"NE";"PE";"81";"2611606";"PEBOV20";"52S01PEBOV2001";"GS01PEBOV20";"RECIFE";"100,00";"100";"100";"100";"100";"100";"100"
"CLARO NE";"NE";"PE";"81";"2611606";"PEBOV20";"52S01PEBOV2002";"GS01PEBOV20";"RECIFE";"100,00";"100";"100";"100";"100";"100";"100"
"CLARO NE";"NE";"PE";"81";"2611606";"PEBOV20";"52S01PEBOV2003";"GS01PEBOV20";"RECIFE";"100,00";"100";"100";"100";"100";"100";"100"
"CLARO NE";"NE";"PE";"81";"2611606";"PEBOV20";"55S01PEBOV2001";"GS01PEBOV20";"RECIFE";"100,00";"99,92";"99,56";"99,49";"100";"100";"100"
"CLARO NE";"NE";"PE";"81";"2611606";"PEBOV20";"55S01PEBOV2002";"GS01PEBOV20";"RECIFE";"100,00";"99,46";"98,19";"97,66";"100";"100";"100"
"CLARO NE";"NE";"PE";"81";"2611606";"PEBOV20";"55S01PEBOV2003";"GS01PEBOV20";"RECIFE";"100,00";"99,79";"98,56";"98,36";"100";"100";"100"
"CLARO NE";"NE";"PE";"81";"2611606";"PEBOV21";"52S01PEBOV2101";"GS01PEBOV21";"RECIFE";"100,00";"100";"100";"100";"100";"100";"100"
"CLARO NE";"NE";"PE";"81";"2611606";"PEBOV21";"52S01PEBOV2102";"GS01PEBOV21";"RECIFE";"100,00";"100";"100";"100";"100";"100";"100"
"CLARO NE";"NE";"PE";"81";"2611606";"PEBOV21";"52S01PEBOV2103";"GS01PEBOV21";"RECIFE";"100,00";"100";"100";"100";"100";"100";"100"
"CLARO NE";"NE";"PE";"81";"2611606";"PEBOV21";"55S01PEBOV2101";"GS01PEBOV21";"RECIFE";"100,00";"99,87";"99,07";"98,94";"100";"100";"100"
"CLARO NE";"NE";"PE";"81";"2611606";"PEBOV21";"55S01PEBOV2102";"GS01PEBOV21";"RECIFE";"100,00";"99,68";"98,57";"98,25";"100";"100";"100"
"CLARO NE";"NE";"PE";"81";"2611606";"PEBOV21";"55S01PEBOV2103";"GS01PEBOV21";"RECIFE";"100,00";"99,95";"99,06";"99,01";"100";"100";"100"
"CLARO NE";"NE";"PE";"81";"2611606";"PEBOV22";"52S01PEBOV2201";"GS01PEBOV22";"RECIFE";"100,00";"100";"100";"100";"100";"100";"100"
"CLARO NE";"NE";"PE";"81";"2611606";"PEBOV22";"52S01PEBOV2202";"GS01PEBOV22";"RECIFE";"100,00";"100";"100";"100";"100";"100";"100"
"CLARO NE";"NE";"PE";"81";"2611606";"PEBOV22";"52S01PEBOV2203";"GS01PEBOV22";"RECIFE";"100,00";"100";"100";"100";"100";"100";"100"
"CLARO NE";"NE";"PE";"81";"2611606";"PEBOV22";"55S01PEBOV2201";"GS01PEBOV22";"RECIFE";"100,00";"99,95";"99,42";"99,37";"100";"100";"100"
"CLARO NE";"NE";"PE";"81";"2611606";"PEBOV22";"55S01PEBOV2202";"GS01PEBOV22";"RECIFE";"100,00";"99,79";"99,13";"98,91";"100";"100";"100"
"CLARO NE";"NE";"PE";"81";"2611606";"PEBOV22";"55S01PEBOV2203";"GS01PEBOV22";"RECIFE";"100,00";"99,95";"99,16";"99,11";"100";"100";"100"
"CLARO NE";"NE";"PE";"81";"2611606";"PEBOV24";"52S01PEBOV2401";"GS01PEBOV24";"RECIFE";"100,00";"100";"100";"100";"100";"100";"100"
"CLARO NE";"NE";"PE";"81";"2611606";"PEBOV24";"52S01PEBOV2402";"GS01PEBOV24";"RECIFE";"100,00";"100";"100";"100";"100";"100";"100"
"CLARO NE";"NE";"PE";"81";"2611606";"PEBOV24";"52S01PEBOV2403";"GS01PEBOV24";"RECIFE";"100,00";"100";"100";"100";"100";"100";"100"
"CLARO NE";"NE";"PE";"81";"2611606";"PEBOV24";"55S01PEBOV2401";"GS01PEBOV24";"RECIFE";"100,00";"99,89";"99,36";"99,25";"100";"100";"100"
"CLARO NE";"NE";"PE";"81";"2611606";"PEBOV24";"55S01PEBOV2402";"GS01PEBOV24";"RECIFE";"100,00";"99,94";"98,79";"98,73";"100";"100";"100"
"CLARO NE";"NE";"PE";"81";"2611606";"PEBOV24";"55S01PEBOV2403";"GS01PEBOV24";"RECIFE";"100,00";"99,84";"98,85";"98,69";"100";"100";"100"
"CLARO NE";"NE";"PE";"81";"2611606";"PEBOV29";"52S01PEBOV2901";"GS01PEBOV29";"RECIFE";"100,00";"100";"100";"100";"100";"100";"100"
"CLARO NE";"NE";"PE";"81";"2611606";"PEBOV29";"52S01PEBOV2902";"GS01PEBOV29";"RECIFE";"100,00";"100";"100";"100";"100";"100";"100"
"CLARO NE";"NE";"PE";"81";"2611606";"PEBOV29";"52S01PEBOV2903";"GS01PEBOV29";"RECIFE";"100,00";"100";"100";"100";"100";"100";"100"
"CLARO NE";"NE";"PE";"81";"2611606";"PEBOV29";"55S01PEBOV2901";"GS01PEBOV29";"RECIFE";"100,00";"99,78";"98,21";"98";"100";"100";"100"
"CLARO NE";"NE";"PE";"81";"2611606";"PEBOV29";"55S01PEBOV2902";"GS01PEBOV29";"RECIFE";"100,00";"99,9";"98,98";"98,88";"100";"100";"100"
"CLARO NE";"NE";"PE";"81";"2611606";"PEBOV29";"55S01PEBOV2903";"GS01PEBOV29";"RECIFE";"100,00";"99,93";"99,09";"99,02";"100";"100";"100"
"CLARO NE";"NE";"PE";"81";"2611606";"PEBOV30";"52S01PEBOV3001";"GS01PEBOV30";"RECIFE";"100,00";"100";"100";"100";"100";"100";"100"
"CLARO NE";"NE";"PE";"81";"2611606";"PEBOV30";"52S01PEBOV3002";"GS01PEBOV30";"RECIFE";"100,00";"100";"100";"100";"100";"100";"100"
"CLARO NE";"NE";"PE";"81";"2611606";"PEBOV30";"52S01PEBOV3003";"GS01PEBOV30";"RECIFE";"100,00";"100";"100";"100";"100";"100";"100"
"CLARO NE";"NE";"PE";"81";"2611606";"PEBOV30";"55S01PEBOV3001";"GS01PEBOV30";"RECIFE";"100,00";"99,83";"97,85";"97,68";"100";"100";"100"
"CLARO NE";"NE";"PE";"81";"2611606";"PEBOV30";"55S01PEBOV3002";"GS01PEBOV30";"RECIFE";"100,00";"99,91";"98,73";"98,65";"100";"100";"100"
"CLARO NE";"NE";"PE";"81";"2611606";"PEBOV30";"55S01PEBOV3003";"GS01PEBOV30";"RECIFE";"100,00";"99,93";"99,1";"99,03";"100";"100";"100"
"CLARO NE";"NE";"PE";"81";"2611606";"PEBOV34";"52S01PEBOV3401";"GS01PEBOV34";"RECIFE";"100,00";"100";"100";"100";"100";"100";"100"
"CLARO NE";"NE";"PE";"81";"2611606";"PEBOV34";"52S01PEBOV3402";"GS01PEBOV34";"RECIFE";"100,00";"100";"90";"90";"100";"100";"100"
"CLARO NE";"NE";"PE";"81";"2611606";"PEBOV34";"52S01PEBOV3403";"GS01PEBOV34";"RECIFE";"100,00";"100";"100";"100";"100";"100";"100"
"CLARO NE";"NE";"PE";"81";"2611606";"PEBOV34";"55S01PEBOV3401";"GS01PEBOV34";"RECIFE";"100,00";"99,97";"99,48";"99,45";"100";"100";"100"
"CLARO NE";"NE";"PE";"81";"2611606";"PEBOV34";"55S01PEBOV3402";"GS01PEBOV34";"RECIFE";"100,00";"99,89";"99,3";"99,2";"100";"100";"100"
"CLARO NE";"NE";"PE";"81";"2611606";"PEBOV34";"55S01PEBOV3403";"GS01PEBOV34";"RECIFE";"100,00";"99,91";"99,33";"99,24";"100";"100";"100"
"CLARO NE";"NE";"PE";"81";"2611606";"PEBOV39";"52S01PEBOV3901";"GS01PEBOV39";"RECIFE";"100,00";"100";"100";"100";"100";"100";"100"
"CLARO NE";"NE";"PE";"81";"2611606";"PEBOV39";"52S01PEBOV3902";"GS01PEBOV39";"RECIFE";"100,00";"100";"100";"100";"100";"100";"100"
"CLARO NE";"NE";"PE";"81";"2611606";"PEBOV39";"52S01PEBOV3903";"GS01PEBOV39";"RECIFE";"100,00";"100";"100";"100";"100";"100";"100"
"CLARO NE";"NE";"PE";"81";"2611606";"PEBOV39";"55S01PEBOV3901";"GS01PEBOV39";"RECIFE";"100,00";"99,95";"98,98";"98,93";"100";"100";"100"
"CLARO NE";"NE";"PE";"81";"2611606";"PEBOV39";"55S01PEBOV3902";"GS01PEBOV39";"RECIFE";"100,00";"99,92";"99,3";"99,22";"100";"100";"100"
"CLARO NE";"NE";"PE";"81";"2611606";"PEBOV39";"55S01PEBOV3903";"GS01PEBOV39";"RECIFE";"100,00";"99,94";"99,23";"99,17";"100";"100";"100"
"CLARO NE";"NE";"PE";"81";"2611606";"PEBOV41";"52S01PEBOV4101";"GS01PEBOV41";"RECIFE";"100,00";"100";"95,45";"95,45";"100";"100";"100"
"CLARO NE";"NE";"PE";"81";"2611606";"PEBOV41";"52S01PEBOV4102";"GS01PEBOV41";"RECIFE";"100,00";"100";"100";"100";"100";"100";"100"
"CLARO NE";"NE";"PE";"81";"2611606";"PEBOV41";"52S01PEBOV4103";"GS01PEBOV41";"RECIFE";"100,00";"100";"80";"80";"100";"100";"100"
"CLARO NE";"NE";"PE";"81";"2611606";"PEBOV41";"55S01PEBOV4101";"GS01PEBOV41";"RECIFE";"100,00";"99,64";"97,12";"96,77";"100";"100";"100"
"CLARO NE";"NE";"PE";"81";"2611606";"PEBOV41";"55S01PEBOV4102";"GS01PEBOV41";"RECIFE";"100,00";"99,86";"98,42";"98,28";"100";"100";"100"
"CLARO NE";"NE";"PE";"81";"2611606";"PEBOV41";"55S01PEBOV4103";"GS01PEBOV41";"RECIFE";"100,00";"99,82";"98,4";"98,22";"100";"100";"100"
"CLARO NE";"NE";"PE";"81";"2611606";"PEBOV44";"52S01PEBOV4401";"GS01PEBOV44";"RECIFE";"100,00";"100";"100";"100";"100";"100";"100"
"CLARO NE";"NE";"PE";"81";"2611606";"PEBOV44";"52S01PEBOV4402";"GS01PEBOV44";"RECIFE";"100,00";"100";"100";"100";"100";"100";"100"
"CLARO NE";"NE";"PE";"81";"2611606";"PEBOV44";"52S01PEBOV4403";"GS01PEBOV44";"RECIFE";"100,00";"100";"100";"100";"100";"100";"100"
"CLARO NE";"NE";"PE";"81";"2611606";"PEBOV44";"55S01PEBOV4401";"GS01PEBOV44";"RECIFE";"100,00";"99,97";"99,36";"99,33";"100";"100";"100"
"CLARO NE";"NE";"PE";"81";"2611606";"PEBOV44";"55S01PEBOV4402";"GS01PEBOV44";"RECIFE";"100,00";"99,84";"98,52";"98,36";"100";"100";"100"
"CLARO NE";"NE";"PE";"81";"2611606";"PEBOV44";"55S01PEBOV4403";"GS01PEBOV44";"RECIFE";"100,00";"99,71";"96,3";"96,02";"100";"100";"100"
"CLARO NE";"NE";"PE";"81";"2611606";"PEBOV46";"52S01PEBOV4601";"GS01PEBOV46";"RECIFE";"100,00";"100";"100";"100";"100";"100";"100"
"CLARO NE";"NE";"PE";"81";"2611606";"PEBOV46";"52S01PEBOV4602";"GS01PEBOV46";"RECIFE";"100,00";"100";"100";"100";"100";"100";"100"
"CLARO NE";"NE";"PE";"81";"2611606";"PEBOV46";"52S01PEBOV4603";"GS01PEBOV46";"RECIFE";"100,00";"100";"100";"100";"100";"100";"100"
"CLARO NE";"NE";"PE";"81";"2611606";"PEBOV46";"55S01PEBOV4601";"GS01PEBOV46";"RECIFE";"100,00";"99,83";"99,11";"98,94";"100";"100";"100"
"CLARO NE";"NE";"PE";"81";"2611606";"PEBOV46";"55S01PEBOV4602";"GS01PEBOV46";"RECIFE";"100,00";"99,9";"98,88";"98,79";"100";"100";"100"
"CLARO NE";"NE";"PE";"81";"2611606";"PEBOV46";"55S01PEBOV4603";"GS01PEBOV46";"RECIFE";"100,00";"99,79";"98,81";"98,61";"100";"100";"100"
"CLARO NE";"NE";"PE";"81";"2611606";"PEBOV50";"52S01PEBOV5001";"GS01PEBOV50";"RECIFE";"100,00";"100";"100";"100";"100";"100";"100"
"CLARO NE";"NE";"PE";"81";"2611606";"PEBOV50";"52S01PEBOV5002";"GS01PEBOV50";"RECIFE";"100,00";"100";"100";"100";"100";"100";"100"
"CLARO NE";"NE";"PE";"81";"2611606";"PEBOV50";"52S01PEBOV5003";"GS01PEBOV50";"RECIFE";"100,00";"88,89";"90";"80";"100";"100";"100"
"CLARO NE";"NE";"PE";"81";"2611606";"PEBOV50";"55S01PEBOV5001";"GS01PEBOV50";"RECIFE";"100,00";"99,77";"98,61";"98,38";"100";"100";"100"
"CLARO NE";"NE";"PE";"81";"2611606";"PEBOV50";"55S01PEBOV5002";"GS01PEBOV50";"RECIFE";"100,00";"99,7";"98,48";"98,18";"100";"100";"100"
"CLARO NE";"NE";"PE";"81";"2611606";"PEBOV50";"55S01PEBOV5003";"GS01PEBOV50";"RECIFE";"100,00";"99,73";"97,98";"97,72";"100";"100";"100"
"CLARO NE";"NE";"PE";"81";"2611606";"PEBOV51";"52S01PEBOV5101";"GS01PEBOV51";"RECIFE";"100,00";"100";"100";"100";"100";"100";"100"
"CLARO NE";"NE";"PE";"81";"2611606";"PEBOV51";"52S01PEBOV5102";"GS01PEBOV51";"RECIFE";"100,00";"100";"100";"100";"100";"100";"100"
"CLARO NE";"NE";"PE";"81";"2611606";"PEBOV51";"52S01PEBOV5103";"GS01PEBOV51";"RECIFE";"100,00";"100";"100";"100";"100";"100";"100"
"CLARO NE";"NE";"PE";"81";"2611606";"PEBOV51";"55S01PEBOV5101";"GS01PEBOV51";"RECIFE";"100,00";"99,88";"94,4";"94,29";"100";"100";"100"
"CLARO NE";"NE";"PE";"81";"2611606";"PEBOV51";"55S01PEBOV5102";"GS01PEBOV51";"RECIFE";"100,00";"99,93";"99,14";"99,07";"100";"100";"100"
"CLARO NE";"NE";"PE";"81";"2611606";"PEBOV51";"55S01PEBOV5103";"GS01PEBOV51";"RECIFE";"100,00";"99,92";"98,9";"98,82";"100";"100";"100"
"CLARO NE";"NE";"PE";"81";"2611606";"PEBOV52";"52S01PEBOV5201";"GS01PEBOV52";"RECIFE";"100,00";"100";"100";"100";"100";"100";"100"
"CLARO NE";"NE";"PE";"81";"2611606";"PEBOV52";"52S01PEBOV5202";"GS01PEBOV52";"RECIFE";"100,00";"100";"100";"100";"100";"100";"100"
"CLARO NE";"NE";"PE";"81";"2611606";"PEBOV52";"52S01PEBOV5203";"GS01PEBOV52";"RECIFE";"100,00";"100";"100";"100";"100";"100";"100"
"CLARO NE";"NE";"PE";"81";"2611606";"PEBVT01";"52S01PEBVT0101";"GS01PEBVT01";"RECIFE";"100,00";"100";"100";"100";"100";"100";"100"
"CLARO NE";"NE";"PE";"81";"2611606";"PEBVT01";"52S01PEBVT0102";"GS01PEBVT01";"RECIFE";"100,00";"100";"90,32";"90,32";"100";"100";"100"
"CLARO NE";"NE";"PE";"81";"2611606";"PEBVT01";"52S01PEBVT0103";"GS01PEBVT01";"RECIFE";"100,00";"100";"100";"100";"100";"100";"100"
"CLARO NE";"NE";"PE";"81";"2611606";"PEBVT01";"55S01PEBVT0101";"GS01PEBVT01";"RECIFE";"100,00";"99,95";"98,74";"98,69";"100";"100";"100"
"CLARO NE";"NE";"PE";"81";"2611606";"PEBVT01";"55S01PEBVT0102";"GS01PEBVT01";"RECIFE";"100,00";"99,98";"99,15";"99,13";"100";"100";"100"
"CLARO NE";"NE";"PE";"81";"2611606";"PEBVT01";"55S01PEBVT0103";"GS01PEBVT01";"RECIFE";"100,00";"99,91";"98,44";"98,35";"100";"100";"100"
"CLARO NE";"NE";"PE";"81";"2611606";"PEBVT02";"52S01PEBVT0201";"GS01PEBVT02";"RECIFE";"100,00";"100";"100";"100";"100";"100";"100"
"CLARO NE";"NE";"PE";"81";"2611606";"PEBVT02";"52S01PEBVT0202";"GS01PEBVT02";"RECIFE";"100,00";"100";"100";"100";"100";"100";"100"
"CLARO NE";"NE";"PE";"81";"2611606";"PEBVT02";"52S01PEBVT0203";"GS01PEBVT02";"RECIFE";"100,00";"100";"100";"100";"100";"100";"100"
"CLARO NE";"NE";"PE";"81";"2611606";"PEBVT02";"55S01PEBVT0201";"GS01PEBVT02";"RECIFE";"100,00";"99,59";"98,61";"98,2";"100";"100";"100"
"CLARO NE";"NE";"PE";"81";"2611606";"PEBVT02";"55S01PEBVT0202";"GS01PEBVT02";"RECIFE";"100,00";"99,88";"98,94";"98,83";"100";"100";"100"
"CLARO NE";"NE";"PE";"81";"2611606";"PEBVT02";"55S01PEBVT0203";"GS01PEBVT02";"RECIFE";"100,00";"99,74";"98,39";"98,14";"100";"100";"100"
"CLARO NE";"NE";"PE";"81";"2611606";"PEBVT16";"52S01PEBVT1601";"GS01PEBVT16";"RECIFE";"100,00";"100";"100";"100";"100";"100";"100"
"CLARO NE";"NE";"PE";"81";"2611606";"PEBVT16";"52S01PEBVT1602";"GS01PEBVT16";"RECIFE";"100,00";"100";"100";"100";"100";"100";"100"
"CLARO NE";"NE";"PE";"81";"2611606";"PEBVT16";"52S01PEBVT1603";"GS01PEBVT16";"RECIFE";"100,00";"100";"100";"100";"100";"100";"100"
"CLARO NE";"NE";"PE";"81";"2611606";"PEBVT16";"55S01PEBVT1601";"GS01PEBVT16";"RECIFE";"100,00";"99,83";"99,05";"98,88";"100";"100";"100"
"CLARO NE";"NE";"PE";"81";"2611606";"PEBVT16";"55S01PEBVT1602";"GS01PEBVT16";"RECIFE";"100,00";"99,69";"97,58";"97,28";"100";"100";"100"
"CLARO NE";"NE";"PE";"81";"2611606";"PEBVT16";"55S01PEBVT1603";"GS01PEBVT16";"RECIFE";"100,00";"99,87";"99,01";"98,88";"100";"100";"100"
"CLARO NE";"NE";"PE";"81";"2611606";"PEBVT18";"52S01PEBVT1801";"GS01PEBVT18";"RECIFE";"100,00";"100";"100";"100";"100";"100";"100"
"CLARO NE";"NE";"PE";"81";"2611606";"PEBVT18";"52S01PEBVT1802";"GS01PEBVT18";"RECIFE";"100,00";"100";"100";"100";"100";"100";"100"
"CLARO NE";"NE";"PE";"81";"2611606";"PEBVT18";"52S01PEBVT1803";"GS01PEBVT18";"RECIFE";"100,00";"100";"100";"100";"100";"100";"100"
"CLARO NE";"NE";"PE";"81";"2611606";"PEBVT18";"55S01PEBVT1801";"GS01PEBVT18";"RECIFE";"100,00";"99,95";"99,59";"99,55";"100";"100";"100"
"CLARO NE";"NE";"PE";"81";"2611606";"PEBVT18";"55S01PEBVT1802";"GS01PEBVT18";"RECIFE";"100,00";"100";"99,7";"99,7";"100";"100";"100"
"CLARO NE";"NE";"PE";"81";"2611606";"PEBVT18";"55S01PEBVT1803";"GS01PEBVT18";"RECIFE";"100,00";"99,9";"98,43";"98,34";"100";"100";"100"
"CLARO NE";"NE";"PE";"81";"2611606";"PEEPH02";"52S01PEEPH0201";"GS01PEEPH02";"RECIFE";"100,00";"100";"91,67";"91,67";"100";"100";"100"
"CLARO NE";"NE";"PE";"81";"2611606";"PEEPH02";"52S01PEEPH0202";"GS01PEEPH02";"RECIFE";"100,00";"100";"100";"100";"100";"100";"100"
"CLARO NE";"NE";"PE";"81";"2611606";"PEEPH02";"52S01PEEPH0203";"GS01PEEPH02";"RECIFE";"100,00";"100";"100";"100";"100";"100";"100"
"CLARO NE";"NE";"PE";"81";"2611606";"PEEPH02";"55S01PEEPH0201";"GS01PEEPH02";"RECIFE";"100,00";"99,83";"98,45";"98,29";"100";"100";"100"
"CLARO NE";"NE";"PE";"81";"2611606";"PEEPH02";"55S01PEEPH0202";"GS01PEEPH02";"RECIFE";"100,00";"99,88";"99,2";"99,09";"100";"100";"100"
"CLARO NE";"NE";"PE";"81";"2611606";"PEEPH02";"55S01PEEPH0203";"GS01PEEPH02";"RECIFE";"100,00";"99,9";"99,03";"98,93";"100";"100";"100"
"CLARO NE";"NE";"PE";"81";"2611606";"PEEPH04";"52S01PEEPH0401";"GS01PEEPH04";"RECIFE";"100,00";"100";"90";"90";"100";"100";"100"
"CLARO NE";"NE";"PE";"81";"2611606";"PEEPH04";"52S01PEEPH0402";"GS01PEEPH04";"RECIFE";"100,00";"100";"100";"100";"100";"100";"100"
"CLARO NE";"NE";"PE";"81";"2611606";"PEEPH04";"52S01PEEPH0403";"GS01PEEPH04";"RECIFE";"100,00";"100";"100";"100";"100";"100";"100"
"CLARO NE";"NE";"PE";"81";"2611606";"PEEPH04";"55S01PEEPH0401";"GS01PEEPH04";"RECIFE";"98,94";"99,99";"99,39";"98,34";"100";"100";"98,94"
"CLARO NE";"NE";"PE";"81";"2611606";"PEEPH04";"55S01PEEPH0402";"GS01PEEPH04";"RECIFE";"99,08";"99,92";"99,19";"98,2";"100";"100";"99,08"
"CLARO NE";"NE";"PE";"81";"2611606";"PEEPH04";"55S01PEEPH0403";"GS01PEEPH04";"RECIFE";"98,61";"99,78";"98,56";"96,98";"100";"100";"98,61"
"CLARO NE";"NE";"PE";"81";"2611606";"PEEPH06";"52S01PEEPH0601";"GS01PEEPH06";"RECIFE";"100,00";"100";"70";"70";"100";"100";"100"
"CLARO NE";"NE";"PE";"81";"2611606";"PEEPH06";"52S01PEEPH0602";"GS01PEEPH06";"RECIFE";"100,00";"100";"100";"100";"100";"100";"100"
"CLARO NE";"NE";"PE";"81";"2611606";"PEEPH06";"52S01PEEPH0603";"GS01PEEPH06";"RECIFE";"100,00";"100";"100";"100";"100";"100";"100"
"CLARO NE";"NE";"PE";"81";"2611606";"PEEPH06";"55S01PEEPH0601";"GS01PEEPH06";"RECIFE";"100,00";"99,88";"99,08";"98,97";"100";"100";"100"
"CLARO NE";"NE";"PE";"81";"2611606";"PEEPH06";"55S01PEEPH0602";"GS01PEEPH06";"RECIFE";"100,00";"99,93";"99,28";"99,21";"100";"100";"100"
"CLARO NE";"NE";"PE";"81";"2611606";"PEEPH06";"55S01PEEPH0603";"GS01PEEPH06";"RECIFE";"100,00";"99,91";"99,05";"98,96";"100";"100";"100"
"CLARO NE";"NE";"PE";"81";"2611606";"PEEPH07";"52S01PEEPH0701";"GS01PEEPH07";"RECIFE";"100,00";"93,55";"100";"93,55";"100";"100";"100"
"CLARO NE";"NE";"PE";"81";"2611606";"PEEPH07";"52S01PEEPH0702";"GS01PEEPH07";"RECIFE";"100,00";"100";"100";"100";"100";"100";"100"
"CLARO NE";"NE";"PE";"81";"2611606";"PEEPH07";"52S01PEEPH0703";"GS01PEEPH07";"RECIFE";"100,00";"94,44";"100";"94,44";"100";"100";"100"
"CLARO NE";"NE";"PE";"81";"2611606";"PEEPH08";"52S01PEEPH0801";"GS01PEEPH08";"RECIFE";"100,00";"100";"100";"100";"100";"100";"100"
"CLARO NE";"NE";"PE";"81";"2611606";"PEEPH08";"52S01PEEPH0802";"GS01PEEPH08";"RECIFE";"100,00";"100";"100";"100";"100";"100";"100"
"CLARO NE";"NE";"PE";"81";"2611606";"PEEPH08";"52S01PEEPH0803";"GS01PEEPH08";"RECIFE";"100,00";"100";"100";"100";"100";"100";"100"
"CLARO NE";"NE";"PE";"81";"2611606";"PEEPH08";"55S01PEEPH0801";"GS01PEEPH08";"RECIFE";"100,00";"99,86";"98,97";"98,83";"100";"100";"100"
"CLARO NE";"NE";"PE";"81";"2611606";"PEEPH08";"55S01PEEPH0802";"GS01PEEPH08";"RECIFE";"100,00";"99,71";"98,37";"98,09";"100";"100";"100"
"CLARO NE";"NE";"PE";"81";"2611606";"PEEPH08";"55S01PEEPH0803";"GS01PEEPH08";"RECIFE";"100,00";"99,72";"98,02";"97,74";"100";"100";"100"
"CLARO NE";"NE";"PE";"81";"2611606";"PEEPH09";"52S01PEEPH0901";"GS01PEEPH09";"RECIFE";"100,00";"100";"100";"100";"100";"100";"100"
"CLARO NE";"NE";"PE";"81";"2611606";"PEEPH09";"52S01PEEPH0902";"GS01PEEPH09";"RECIFE";"100,00";"100";"100";"100";"100";"100";"100"
"CLARO NE";"NE";"PE";"81";"2611606";"PEEPH09";"52S01PEEPH0903";"GS01PEEPH09";"RECIFE";"100,00";"100";"100";"100";"100";"100";"100"
"CLARO NE";"NE";"PE";"81";"2611606";"PEEPH09";"55S01PEEPH0901";"GS01PEEPH09";"RECIFE";"100,00";"99,83";"98,61";"98,44";"100";"100";"100"
"CLARO NE";"NE";"PE";"81";"2611606";"PEEPH09";"55S01PEEPH0902";"GS01PEEPH09";"RECIFE";"100,00";"99,79";"98,57";"98,35";"100";"100";"100"
"CLARO NE";"NE";"PE";"81";"2611606";"PEEPH09";"55S01PEEPH0903";"GS01PEEPH09";"RECIFE";"100,00";"99,82";"98,88";"98,7";"100";"100";"100"
"CLARO NE";"NE";"PE";"81";"2611606";"PEEPH12";"52S01PEEPH1201";"GS01PEEPH12";"RECIFE";"100,00";"100";"100";"100";"100";"100";"100"
"CLARO NE";"NE";"PE";"81";"2611606";"PEEPH12";"52S01PEEPH1202";"GS01PEEPH12";"RECIFE";"100,00";"100";"100";"100";"100";"100";"100"
"CLARO NE";"NE";"PE";"81";"2611606";"PEEPH12";"52S01PEEPH1203";"GS01PEEPH12";"RECIFE";"100,00";"97,06";"94,74";"91,95";"100";"100";"100"
"CLARO NE";"NE";"PE";"81";"2611606";"PEEPH12";"55S01PEEPH1201";"GS01PEEPH12";"RECIFE";"100,00";"99,95";"99,72";"99,67";"100";"100";"100"
"CLARO NE";"NE";"PE";"81";"2611606";"PEEPH12";"55S01PEEPH1202";"GS01PEEPH12";"RECIFE";"100,00";"99,81";"99,1";"98,92";"100";"100";"100"
"CLARO NE";"NE";"PE";"81";"2611606";"PEEPH12";"55S01PEEPH1203";"GS01PEEPH12";"RECIFE";"100,00";"99,91";"99,01";"98,92";"100";"100";"100"
"CLARO NE";"NE";"PE";"81";"2611606";"PEEPH13";"52S01PEEPH1301";"GS01PEEPH13";"RECIFE";"100,00";"100";"100";"100";"100";"100";"100"
"CLARO NE";"NE";"PE";"81";"2611606";"PEEPH13";"52S01PEEPH1302";"GS01PEEPH13";"RECIFE";"100,00";"100";"100";"100";"100";"100";"100"
"CLARO NE";"NE";"PE";"81";"2611606";"PEEPH13";"52S01PEEPH1303";"GS01PEEPH13";"RECIFE";"100,00";"100";"100";"100";"100";"100";"100"
"CLARO NE";"NE";"PE";"81";"2611606";"PEEPH13";"55S01PEEPH1301";"GS01PEEPH13";"RECIFE";"100,00";"99,9";"99,16";"99,06";"100";"100";"100"
"CLARO NE";"NE";"PE";"81";"2611606";"PEEPH13";"55S01PEEPH1302";"GS01PEEPH13";"RECIFE";"100,00";"99,95";"99,31";"99,25";"100";"100";"100"
"CLARO NE";"NE";"PE";"81";"2611606";"PEEPH13";"55S01PEEPH1303";"GS01PEEPH13";"RECIFE";"100,00";"99,63";"98,51";"98,15";"100";"100";"100"
"CLARO NE";"NE";"PE";"81";"2611606";"PEEPH14";"52S01PEEPH1401";"GS01PEEPH14";"RECIFE";"100,00";"100";"100";"100";"100";"100";"100"
"CLARO NE";"NE";"PE";"81";"2611606";"PEEPH14";"52S01PEEPH1402";"GS01PEEPH14";"RECIFE";"100,00";"100";"100";"100";"100";"100";"100"
"CLARO NE";"NE";"PE";"81";"2611606";"PEEPH14";"52S01PEEPH1403";"GS01PEEPH14";"RECIFE";"100,00";"100";"100";"100";"100";"100";"100"
"CLARO NE";"NE";"PE";"81";"2611606";"PEEPH14";"55S01PEEPH1401";"GS01PEEPH14";"RECIFE";"100,00";"99,9";"99,03";"98,93";"100";"100";"100"
"CLARO NE";"NE";"PE";"81";"2611606";"PEEPH14";"55S01PEEPH1402";"GS01PEEPH14";"RECIFE";"100,00";"99,93";"99,18";"99,11";"100";"100";"100"
"CLARO NE";"NE";"PE";"81";"2611606";"PEEPH14";"55S01PEEPH1403";"GS01PEEPH14";"RECIFE";"100,00";"99,8";"99,01";"98,81";"100";"100";"100"
"CLARO NE";"NE";"PE";"81";"2611606";"PEEPH30";"52S01PEEPH3001";"GS01PEEPH30";"RECIFE";"100,00";"100";"100";"100";"100";"100";"100"
"CLARO NE";"NE";"PE";"81";"2611606";"PEEPH30";"52S01PEEPH3002";"GS01PEEPH30";"RECIFE";"100,00";"100";"100";"100";"100";"100";"100"
"CLARO NE";"NE";"PE";"81";"2611606";"PEEPH30";"52S01PEEPH3003";"GS01PEEPH30";"RECIFE";"100,00";"100";"100";"100";"100";"100";"100"
"CLARO NE";"NE";"PE";"81";"2611606";"PEEPH30";"55S01PEEPH3001";"GS01PEEPH30";"RECIFE";"100,00";"99,29";"97,52";"96,83";"100";"100";"100"
"CLARO NE";"NE";"PE";"81";"2611606";"PEEPH30";"55S01PEEPH3002";"GS01PEEPH30";"RECIFE";"100,00";"99,74";"98,95";"98,69";"100";"100";"100"
"CLARO NE";"NE";"PE";"81";"2611606";"PEEPH30";"55S01PEEPH3003";"GS01PEEPH30";"RECIFE";"100,00";"99,8";"99,02";"98,82";"100";"100";"100"
"CLARO NE";"NE";"PE";"81";"2611606";"PEEPH34";"52S01PEEPH3401";"GS01PEEPH34";"RECIFE";"100,00";"100";"100";"100";"100";"100";"100"
"CLARO NE";"NE";"PE";"81";"2611606";"PEEPH34";"52S01PEEPH3402";"GS01PEEPH34";"RECIFE";"100,00";"100";"100";"100";"100";"100";"100"
"CLARO NE";"NE";"PE";"81";"2611606";"PEEPH34";"52S01PEEPH3403";"GS01PEEPH34";"RECIFE";"100,00";"100";"100";"100";"100";"100";"100"
"CLARO NE";"NE";"PE";"81";"2611606";"PEEPH34";"55S01PEEPH3401";"GS01PEEPH34";"RECIFE";"100,00";"99,21";"97,81";"97,04";"100";"100";"100"
"CLARO NE";"NE";"PE";"81";"2611606";"PEEPH34";"55S01PEEPH3402";"GS01PEEPH34";"RECIFE";"100,00";"99,49";"98,21";"97,7";"100";"100";"100"
"CLARO NE";"NE";"PE";"81";"2611606";"PEEPH34";"55S01PEEPH3403";"GS01PEEPH34";"RECIFE";"100,00";"99,62";"98,55";"98,17";"100";"100";"100"
"CLARO NE";"NE";"PE";"81";"2611606";"PEEPH35";"52S01PEEPH3501";"GS01PEEPH35";"RECIFE";"100,00";"100";"100";"100";"100";"100";"100"
"CLARO NE";"NE";"PE";"81";"2611606";"PEEPH35";"52S01PEEPH3502";"GS01PEEPH35";"RECIFE";"100,00";"100";"94,44";"94,44";"100";"100";"100"
"CLARO NE";"NE";"PE";"81";"2611606";"PEEPH35";"52S01PEEPH3503";"GS01PEEPH35";"RECIFE";"100,00";"100";"97,44";"97,44";"100";"100";"100"
"CLARO NE";"NE";"PE";"81";"2611606";"PEEPH39";"52S01PEEPH3901";"GS01PEEPH39";"RECIFE";"100,00";"100";"100";"100";"100";"100";"100"
"CLARO NE";"NE";"PE";"81";"2611606";"PEEPH39";"52S01PEEPH3902";"GS01PEEPH39";"RECIFE";"100,00";"100";"100";"100";"100";"100";"100"
"CLARO NE";"NE";"PE";"81";"2611606";"PEEPH39";"52S01PEEPH3903";"GS01PEEPH39";"RECIFE";"100,00";"100";"100";"100";"100";"100";"100"
"CLARO NE";"NE";"PE";"81";"2611606";"PEEPH39";"55S01PEEPH3901";"GS01PEEPH39";"RECIFE";"100,00";"99,69";"98,07";"97,77";"100";"100";"100"
"CLARO NE";"NE";"PE";"81";"2611606";"PEEPH39";"55S01PEEPH3902";"GS01PEEPH39";"RECIFE";"100,00";"99,76";"98,19";"97,95";"100";"100";"100"
"CLARO NE";"NE";"PE";"81";"2611606";"PEEPH39";"55S01PEEPH3903";"GS01PEEPH39";"RECIFE";"100,00";"99,67";"98,28";"97,95";"100";"100";"100"
"CLARO NE";"NE";"PE";"81";"2611606";"PEEPH42";"52S01PEEPH4201";"GS01PEEPH42";"RECIFE";"100,00";"100";"100";"100";"100";"100";"100"
"CLARO NE";"NE";"PE";"81";"2611606";"PEEPH42";"52S01PEEPH4202";"GS01PEEPH42";"RECIFE";"100,00";"100";"100";"100";"100";"100";"100"
"CLARO NE";"NE";"PE";"81";"2611606";"PEEPH42";"52S01PEEPH4203";"GS01PEEPH42";"RECIFE";"100,00";"100";"100";"100";"100";"100";"100"
"CLARO NE";"NE";"PE";"81";"2611606";"PEEPH42";"55S01PEEPH4201";"GS01PEEPH42";"RECIFE";"100,00";"99,88";"98,72";"98,6";"100";"100";"100"
"CLARO NE";"NE";"PE";"81";"2611606";"PEEPH42";"55S01PEEPH4202";"GS01PEEPH42";"RECIFE";"100,00";"99,88";"98,88";"98,76";"100";"100";"100"
"CLARO NE";"NE";"PE";"81";"2611606";"PEEPH42";"55S01PEEPH4203";"GS01PEEPH42";"RECIFE";"100,00";"99,88";"99,08";"98,96";"100";"100";"100"
"CLARO NE";"NE";"PE";"81";"2611606";"PEEPH43";"52S01PEEPH4301";"GS01PEEPH43";"RECIFE";"100,00";"100";"100";"100";"100";"100";"100"
"CLARO NE";"NE";"PE";"81";"2611606";"PEEPH43";"52S01PEEPH4302";"GS01PEEPH43";"RECIFE";"100,00";"100";"100";"100";"100";"100";"100"
"CLARO NE";"NE";"PE";"81";"2611606";"PEEPH43";"52S01PEEPH4303";"GS01PEEPH43";"RECIFE";"100,00";"100";"100";"100";"100";"100";"100"
"CLARO NE";"NE";"PE";"81";"2611606";"PEEPH43";"55S01PEEPH4301";"GS01PEEPH43";"RECIFE";"100,00";"99,9";"99,15";"99,05";"100";"100";"100"
"CLARO NE";"NE";"PE";"81";"2611606";"PEEPH43";"55S01PEEPH4302";"GS01PEEPH43";"RECIFE";"100,00";"99,82";"98,7";"98,52";"100";"100";"100"
"CLARO NE";"NE";"PE";"81";"2611606";"PEEPH43";"55S01PEEPH4303";"GS01PEEPH43";"RECIFE";"100,00";"99,94";"99,07";"99,01";"100";"100";"100"
"CLARO NE";"NE";"PE";"81";"2611606";"PEEPH90";"52S01PEEPH9001";"GS01PEEPH90";"RECIFE";"100,00";"100";"100";"100";"100";"100";"100"
"CLARO NE";"NE";"PE";"81";"2611606";"PEEPH90";"52S01PEEPH9002";"GS01PEEPH90";"RECIFE";"100,00";"100";"100";"100";"100";"100";"100"
"CLARO NE";"NE";"PE";"81";"2611606";"PEEPH90";"52S01PEEPH9003";"GS01PEEPH90";"RECIFE";"100,00";"100";"100";"100";"100";"100";"100"
"CLARO NE";"NE";"PE";"81";"2611606";"PEEPH90";"55S01PEEPH9001";"GS01PEEPH90";"RECIFE";"100,00";"99,83";"98,61";"98,44";"100";"100";"100"
"CLARO NE";"NE";"PE";"81";"2611606";"PEEPH90";"55S01PEEPH9002";"GS01PEEPH90";"RECIFE";"100,00";"99,8";"98,73";"98,54";"100";"100";"100"
"CLARO NE";"NE";"PE";"81";"2611606";"PEEPH90";"55S01PEEPH9003";"GS01PEEPH90";"RECIFE";"100,00";"99,89";"98,99";"98,88";"100";"100";"100"
"CLARO NE";"NE";"PE";"81";"2611606";"PEMDL04";"52S01PEMDL0401";"GS01PEMDL04";"RECIFE";"100,00";"100";"100";"100";"100";"100";"100"
"CLARO NE";"NE";"PE";"81";"2611606";"PEMDL04";"52S01PEMDL0402";"GS01PEMDL04";"RECIFE";"100,00";"100";"100";"100";"100";"100";"100"
"CLARO NE";"NE";"PE";"81";"2611606";"PEMDL04";"52S01PEMDL0403";"GS01PEMDL04";"RECIFE";"100,00";"100";"100";"100";"100";"100";"100"
"CLARO NE";"NE";"PE";"81";"2611606";"PEMDL04";"55S01PEMDL0401";"GS01PEMDL04";"RECIFE";"100,00";"99,83";"99,19";"99,02";"100";"100";"100"
"CLARO NE";"NE";"PE";"81";"2611606";"PEMDL04";"55S01PEMDL0402";"GS01PEMDL04";"RECIFE";"100,00";"99,86";"99,21";"99,07";"100";"100";"100"
"CLARO NE";"NE";"PE";"81";"2611606";"PEMDL04";"55S01PEMDL0403";"GS01PEMDL04";"RECIFE";"100,00";"99,95";"99,62";"99,58";"100";"100";"100"
"CLARO NE";"NE";"PE";"81";"2611606";"PEMDL11";"52S01PEMDL1101";"GS01PEMDL11";"RECIFE";"100,00";"100";"100";"100";"100";"100";"100"
"CLARO NE";"NE";"PE";"81";"2611606";"PEMDL11";"52S01PEMDL1102";"GS01PEMDL11";"RECIFE";"100,00";"100";"100";"100";"100";"100";"100"
"CLARO NE";"NE";"PE";"81";"2611606";"PEMDL11";"52S01PEMDL1103";"GS01PEMDL11";"RECIFE";"100,00";"100";"100";"100";"100";"100";"100"
"CLARO NE";"NE";"PE";"81";"2611606";"PEMDL11";"55S01PEMDL1101";"GS01PEMDL11";"RECIFE";"100,00";"99,88";"99,46";"99,34";"100";"100";"100"
"CLARO NE";"NE";"PE";"81";"2611606";"PEMDL11";"55S01PEMDL1102";"GS01PEMDL11";"RECIFE";"100,00";"99,88";"99,03";"98,91";"100";"100";"100"
"CLARO NE";"NE";"PE";"81";"2611606";"PEMDL11";"55S01PEMDL1103";"GS01PEMDL11";"RECIFE";"100,00";"99,96";"99,44";"99,4";"100";"100";"100"
"CLARO NE";"NE";"PE";"81";"2611606";"PEMDL16";"52S01PEMDL1601";"GS01PEMDL16";"RECIFE";"100,00";"100";"100";"100";"100";"100";"100"
"CLARO NE";"NE";"PE";"81";"2611606";"PEMDL16";"52S01PEMDL1602";"GS01PEMDL16";"RECIFE";"100,00";"100";"100";"100";"100";"100";"100"
"CLARO NE";"NE";"PE";"81";"2611606";"PEMDL16";"52S01PEMDL1603";"GS01PEMDL16";"RECIFE";"100,00";"100";"100";"100";"100";"100";"100"
"CLARO NE";"NE";"PE";"81";"2611606";"PEMDL16";"55S01PEMDL1601";"GS01PEMDL16";"RECIFE";"100,00";"99,84";"99";"98,84";"100";"100";"100"
"CLARO NE";"NE";"PE";"81";"2611606";"PEMDL16";"55S01PEMDL1602";"GS01PEMDL16";"RECIFE";"100,00";"99,94";"99,32";"99,26";"100";"100";"100"
"CLARO NE";"NE";"PE";"81";"2611606";"PEMDL16";"55S01PEMDL1603";"GS01PEMDL16";"RECIFE";"100,00";"99,9";"99,28";"99,19";"100";"100";"100"
"CLARO NE";"NE";"PE";"81";"2611606";"PEMDL33";"52S01PEMDL3301";"GS01PEMDL33";"RECIFE";"100,00";"100";"85,71";"85,71";"100";"100";"100"
"CLARO NE";"NE";"PE";"81";"2611606";"PEMDL33";"52S01PEMDL3302";"GS01PEMDL33";"RECIFE";"100,00";"100";"100";"100";"100";"100";"100"
"CLARO NE";"NE";"PE";"81";"2611606";"PEMDL33";"52S01PEMDL3303";"GS01PEMDL33";"RECIFE";"100,00";"100";"100";"100";"100";"100";"100"
"CLARO NE";"NE";"PE";"81";"2611606";"PEMDL33";"55S01PEMDL3301";"GS01PEMDL33";"RECIFE";"100,00";"99,84";"98,94";"98,79";"100";"100";"100"
"CLARO NE";"NE";"PE";"81";"2611606";"PEMDL33";"55S01PEMDL3302";"GS01PEMDL33";"RECIFE";"100,00";"99,91";"99,25";"99,16";"100";"100";"100"
"CLARO NE";"NE";"PE";"81";"2611606";"PEMDL33";"55S01PEMDL3303";"GS01PEMDL33";"RECIFE";"100,00";"99,93";"99,36";"99,28";"100";"100";"100"
"CLARO NE";"NE";"AL";"82";"2704302";"ALCAS08";"52S01ALCAS0801";"GS01ALCAS08";"MACEIO";"100,00";"100";"100";"100";"100";"100";"100"
"CLARO NE";"NE";"AL";"82";"2704302";"ALCAS08";"52S01ALCAS0802";"GS01ALCAS08";"MACEIO";"100,00";"100";"97,96";"97,96";"100";"100";"100"
"CLARO NE";"NE";"AL";"82";"2704302";"ALCAS08";"52S01ALCAS0803";"GS01ALCAS08";"MACEIO";"100,00";"100";"100";"100";"100";"100";"100"
"CLARO NE";"NE";"AL";"82";"2704302";"ALCLI24";"52S01ALCLI2401";"GS01ALCLI24";"MACEIO";"100,00";"100";"80";"80";"100";"100";"100"
"CLARO NE";"NE";"AL";"82";"2704302";"ALCLI24";"52S01ALCLI2402";"GS01ALCLI24";"MACEIO";"100,00";"100";"100";"100";"100";"100";"100"
"CLARO NE";"NE";"AL";"82";"2704302";"ALCLI24";"52S01ALCLI2403";"GS01ALCLI24";"MACEIO";"100,00";"100";"96";"96";"100";"100";"100"
"CLARO NE";"NE";"AL";"82";"2704302";"ALCLI28";"52S01ALCLI2801";"GS01ALCLI28";"MACEIO";"100,00";"100";"100";"100";"100";"100";"100"
"CLARO NE";"NE";"AL";"82";"2704302";"ALCLI28";"52S01ALCLI2802";"GS01ALCLI28";"MACEIO";"100,00";"100";"100";"100";"100";"100";"100"
"CLARO NE";"NE";"AL";"82";"2704302";"ALCLI28";"52S01ALCLI2803";"GS01ALCLI28";"MACEIO";"100,00";"100";"100";"100";"100";"100";"100"
"CLARO NE";"NE";"AL";"82";"2704302";"ALFAR04";"52S01ALFAR0401";"GS01ALFAR04";"MACEIO";"100,00";"100";"85,71";"85,71";"100";"100";"100"
"CLARO NE";"NE";"AL";"82";"2704302";"ALFAR04";"52S01ALFAR0402";"GS01ALFAR04";"MACEIO";"100,00";"100";"100";"100";"100";"100";"100"
"CLARO NE";"NE";"AL";"82";"2704302";"ALFAR04";"52S01ALFAR0403";"GS01ALFAR04";"MACEIO";"100,00";"100";"100";"100";"100";"100";"100"
"CLARO NE";"NE";"AL";"82";"2704302";"ALFAR04";"55S01ALFAR0401";"GS01ALFAR04";"MACEIO";"100,00";"99,93";"99,44";"99,37";"100";"100";"100"
"CLARO NE";"NE";"AL";"82";"2704302";"ALFAR04";"55S01ALFAR0402";"GS01ALFAR04";"MACEIO";"100,00";"99,86";"99,18";"99,03";"100";"100";"100"
"CLARO NE";"NE";"AL";"82";"2704302";"ALFAR04";"55S01ALFAR0403";"GS01ALFAR04";"MACEIO";"100,00";"99,95";"99,27";"99,22";"100";"100";"100"
"CLARO NE";"NE";"AL";"82";"2704302";"ALFAR06";"52S01ALFAR0601";"GS01ALFAR06";"MACEIO";"100,00";"100";"100";"100";"100";"100";"100"
"CLARO NE";"NE";"AL";"82";"2704302";"ALFAR06";"52S01ALFAR0602";"GS01ALFAR06";"MACEIO";"100,00";"100";"100";"100";"100";"100";"100"
"CLARO NE";"NE";"AL";"82";"2704302";"ALFAR06";"52S01ALFAR0603";"GS01ALFAR06";"MACEIO";"100,00";"100";"100";"100";"100";"100";"100"
"CLARO NE";"NE";"AL";"82";"2704302";"ALFAR06";"55S01ALFAR0601";"GS01ALFAR06";"MACEIO";"100,00";"99,82";"99,2";"99,02";"100";"100";"100"
"CLARO NE";"NE";"AL";"82";"2704302";"ALFAR06";"55S01ALFAR0602";"GS01ALFAR06";"MACEIO";"100,00";"99,86";"99,31";"99,17";"100";"100";"100"
"CLARO NE";"NE";"AL";"82";"2704302";"ALFAR06";"55S01ALFAR0603";"GS01ALFAR06";"MACEIO";"100,00";"99,32";"98,22";"97,55";"100";"100";"100"
"CLARO NE";"NE";"AL";"82";"2704302";"ALFAR07";"52S01ALFAR0701";"GS01ALFAR07";"MACEIO";"100,00";"100";"97,22";"97,22";"100";"100";"100"
"CLARO NE";"NE";"AL";"82";"2704302";"ALFAR07";"52S01ALFAR0702";"GS01ALFAR07";"MACEIO";"100,00";"100";"100";"100";"100";"100";"100"
"CLARO NE";"NE";"AL";"82";"2704302";"ALFAR07";"52S01ALFAR0703";"GS01ALFAR07";"MACEIO";"100,00";"100";"100";"100";"100";"100";"100"
"CLARO NE";"NE";"AL";"82";"2704302";"ALFAR07";"55S01ALFAR0701";"GS01ALFAR07";"MACEIO";"100,00";"99,9";"98,97";"98,87";"100";"100";"100"
"CLARO NE";"NE";"AL";"82";"2704302";"ALFAR07";"55S01ALFAR0702";"GS01ALFAR07";"MACEIO";"100,00";"99,94";"99,31";"99,25";"100";"100";"100"
"CLARO NE";"NE";"AL";"82";"2704302";"ALFAR07";"55S01ALFAR0703";"GS01ALFAR07";"MACEIO";"100,00";"99,86";"98,55";"98,41";"100";"100";"100"
"CLARO NE";"NE";"AL";"82";"2704302";"ALFAR16";"52S01ALFAR1601";"GS01ALFAR16";"MACEIO";"100,00";"100";"100";"100";"100";"100";"100"
"CLARO NE";"NE";"AL";"82";"2704302";"ALFAR16";"52S01ALFAR1602";"GS01ALFAR16";"MACEIO";"100,00";"100";"100";"100";"100";"100";"100"
"CLARO NE";"NE";"AL";"82";"2704302";"ALFAR16";"52S01ALFAR1603";"GS01ALFAR16";"MACEIO";"100,00";"87,5";"92,86";"81,25";"100";"100";"100"
"CLARO NE";"NE";"AL";"82";"2704302";"ALFAR16";"55S01ALFAR1601";"GS01ALFAR16";"MACEIO";"100,00";"99,87";"99,44";"99,31";"100";"100";"100"
"CLARO NE";"NE";"AL";"82";"2704302";"ALFAR16";"55S01ALFAR1602";"GS01ALFAR16";"MACEIO";"100,00";"99,71";"98,88";"98,6";"100";"100";"100"
"CLARO NE";"NE";"AL";"82";"2704302";"ALFAR16";"55S01ALFAR1603";"GS01ALFAR16";"MACEIO";"100,00";"99,57";"98,85";"98,42";"100";"100";"100"
"CLARO NE";"NE";"AL";"82";"2704302";"ALFAR19";"52S01ALFAR1901";"GS01ALFAR19";"MACEIO";"100,00";"100";"100";"100";"100";"100";"100"
"CLARO NE";"NE";"AL";"82";"2704302";"ALFAR19";"52S01ALFAR1902";"GS01ALFAR19";"MACEIO";"100,00";"100";"100";"100";"100";"100";"100"
"CLARO NE";"NE";"AL";"82";"2704302";"ALFAR19";"52S01ALFAR1903";"GS01ALFAR19";"MACEIO";"100,00";"100";"100";"100";"100";"100";"100"
"CLARO NE";"NE";"AL";"82";"2704302";"ALFAR19";"55S01ALFAR1901";"GS01ALFAR19";"MACEIO";"100,00";"99,89";"98,87";"98,76";"100";"100";"100"
"CLARO NE";"NE";"AL";"82";"2704302";"ALFAR19";"55S01ALFAR1902";"GS01ALFAR19";"MACEIO";"100,00";"99,9";"99,35";"99,24";"100";"100";"100"
"CLARO NE";"NE";"AL";"82";"2704302";"ALFAR19";"55S01ALFAR1903";"GS01ALFAR19";"MACEIO";"100,00";"99,96";"99,42";"99,38";"100";"100";"100"
"CLARO NE";"NE";"AL";"82";"2704302";"ALFAR20";"52S01ALFAR2001";"GS01ALFAR20";"MACEIO";"100,00";"71,43";"100";"71,43";"100";"100";"100"
"CLARO NE";"NE";"AL";"82";"2704302";"ALFAR20";"52S01ALFAR2002";"GS01ALFAR20";"MACEIO";"100,00";"100";"100";"100";"100";"100";"100"
"CLARO NE";"NE";"AL";"82";"2704302";"ALFAR20";"52S01ALFAR2003";"GS01ALFAR20";"MACEIO";"100,00";"100";"100";"100";"100";"100";"100"
"CLARO NE";"NE";"AL";"82";"2704302";"ALFAR20";"55S01ALFAR2001";"GS01ALFAR20";"MACEIO";"100,00";"99,98";"99,69";"99,67";"100";"100";"100"
"CLARO NE";"NE";"AL";"82";"2704302";"ALFAR20";"55S01ALFAR2002";"GS01ALFAR20";"MACEIO";"100,00";"99,98";"99,67";"99,66";"100";"100";"100"
"CLARO NE";"NE";"AL";"82";"2704302";"ALFAR20";"55S01ALFAR2003";"GS01ALFAR20";"MACEIO";"100,00";"100";"99,19";"99,19";"100";"100";"100"
"CLARO NE";"NE";"AL";"82";"2704302";"ALFAR24";"52S01ALFAR2401";"GS01ALFAR24";"MACEIO";"100,00";"100";"100";"100";"100";"100";"100"
"CLARO NE";"NE";"AL";"82";"2704302";"ALFAR24";"52S01ALFAR2402";"GS01ALFAR24";"MACEIO";"100,00";"100";"100";"100";"100";"100";"100"
"CLARO NE";"NE";"AL";"82";"2704302";"ALFAR24";"52S01ALFAR2403";"GS01ALFAR24";"MACEIO";"100,00";"100";"100";"100";"100";"100";"100"
"CLARO NE";"NE";"AL";"82";"2704302";"ALFAR25";"52S01ALFAR2501";"GS01ALFAR25";"MACEIO";"100,00";"100";"100";"100";"100";"100";"100"
"CLARO NE";"NE";"AL";"82";"2704302";"ALFAR25";"52S01ALFAR2502";"GS01ALFAR25";"MACEIO";"100,00";"100";"94,74";"94,74";"100";"100";"100"
"CLARO NE";"NE";"AL";"82";"2704302";"ALFAR25";"52S01ALFAR2503";"GS01ALFAR25";"MACEIO";"100,00";"100";"100";"100";"100";"100";"100"
"CLARO NE";"NE";"AL";"82";"2704302";"ALFAR36";"52S01ALFAR3601";"GS01ALFAR36";"MACEIO";"100,00";"100";"100";"100";"100";"100";"100"
"CLARO NE";"NE";"AL";"82";"2704302";"ALFAR36";"52S01ALFAR3602";"GS01ALFAR36";"MACEIO";"100,00";"100";"100";"100";"100";"100";"100"
"CLARO NE";"NE";"AL";"82";"2704302";"ALFAR36";"52S01ALFAR3603";"GS01ALFAR36";"MACEIO";"100,00";"100";"100";"100";"100";"100";"100"
"CLARO NE";"NE";"AL";"82";"2704302";"ALFAR36";"55S01ALFAR3601";"GS01ALFAR36";"MACEIO";"100,00";"99,97";"99,15";"99,12";"100";"100";"100"
"CLARO NE";"NE";"AL";"82";"2704302";"ALFAR36";"55S01ALFAR3602";"GS01ALFAR36";"MACEIO";"100,00";"99,88";"99,23";"99,12";"100";"100";"100"
"CLARO NE";"NE";"AL";"82";"2704302";"ALFAR36";"55S01ALFAR3603";"GS01ALFAR36";"MACEIO";"100,00";"99,95";"99,19";"99,14";"100";"100";"100"
"CLARO NE";"NE";"AL";"82";"2704302";"ALFAR61";"52S01ALFAR6101";"GS01ALFAR61";"MACEIO";"100,00";"100";"97,87";"97,87";"100";"100";"100"
"CLARO NE";"NE";"AL";"82";"2704302";"ALFAR61";"52S01ALFAR6102";"GS01ALFAR61";"MACEIO";"100,00";"100";"100";"100";"100";"100";"100"
"CLARO NE";"NE";"AL";"82";"2704302";"ALFAR61";"52S01ALFAR6103";"GS01ALFAR61";"MACEIO";"100,00";"100";"100";"100";"100";"100";"100"
"CLARO NE";"NE";"AL";"82";"2704302";"ALFAR61";"55S01ALFAR6101";"GS01ALFAR61";"MACEIO";"100,00";"99,72";"98,51";"98,24";"100";"100";"100"
"CLARO NE";"NE";"AL";"82";"2704302";"ALFAR61";"55S01ALFAR6102";"GS01ALFAR61";"MACEIO";"100,00";"99,86";"99";"98,87";"100";"100";"100"
"CLARO NE";"NE";"AL";"82";"2704302";"ALFAR61";"55S01ALFAR6103";"GS01ALFAR61";"MACEIO";"100,00";"99,88";"98,88";"98,77";"100";"100";"100"
"CLARO NE";"NE";"AL";"82";"2704302";"ALFAR62";"52S01ALFAR6201";"GS01ALFAR62";"MACEIO";"100,00";"100";"100";"100";"100";"100";"100"
"CLARO NE";"NE";"AL";"82";"2704302";"ALFAR62";"52S01ALFAR6202";"GS01ALFAR62";"MACEIO";"100,00";"100";"100";"100";"100";"100";"100"
"CLARO NE";"NE";"AL";"82";"2704302";"ALFAR62";"52S01ALFAR6203";"GS01ALFAR62";"MACEIO";"100,00";"100";"100";"100";"100";"100";"100"
"CLARO NE";"NE";"AL";"82";"2704302";"ALFAR62";"55S01ALFAR6201";"GS01ALFAR62";"MACEIO";"100,00";"99,95";"99,59";"99,54";"100";"100";"100"
"CLARO NE";"NE";"AL";"82";"2704302";"ALFAR62";"55S01ALFAR6202";"GS01ALFAR62";"MACEIO";"100,00";"99,97";"99,82";"99,8";"100";"100";"100"
"CLARO NE";"NE";"AL";"82";"2704302";"ALFAR62";"55S01ALFAR6203";"GS01ALFAR62";"MACEIO";"100,00";"99,91";"99,67";"99,58";"100";"100";"100"
"CLARO NE";"NE";"AL";"82";"2704302";"ALFAR64";"52S01ALFAR6401";"GS01ALFAR64";"MACEIO";"100,00";"100";"100";"100";"100";"100";"100"
"CLARO NE";"NE";"AL";"82";"2704302";"ALFAR64";"52S01ALFAR6402";"GS01ALFAR64";"MACEIO";"100,00";"100";"100";"100";"100";"100";"100"
"CLARO NE";"NE";"AL";"82";"2704302";"ALFAR64";"52S01ALFAR6403";"GS01ALFAR64";"MACEIO";"100,00";"100";"100";"100";"100";"100";"100"
"CLARO NE";"NE";"AL";"82";"2704302";"ALFAR64";"55S01ALFAR6401";"GS01ALFAR64";"MACEIO";"100,00";"99,8";"99,42";"99,23";"100";"100";"100"
"CLARO NE";"NE";"AL";"82";"2704302";"ALFAR64";"55S01ALFAR6402";"GS01ALFAR64";"MACEIO";"100,00";"99,97";"99,56";"99,52";"100";"100";"100"
"CLARO NE";"NE";"AL";"82";"2704302";"ALFAR64";"55S01ALFAR6403";"GS01ALFAR64";"MACEIO";"100,00";"99,93";"99,67";"99,6";"100";"100";"100"
"CLARO NE";"NE";"PB";"83";"2507507";"PBTAB03";"55S01PBTAB0301";"GS01PBTAB03";"JOAO_PESSOA";"100,00";"99,91";"99,12";"99,03";"100";"100";"100"
"CLARO NE";"NE";"PB";"83";"2507507";"PBTAB03";"55S01PBTAB0302";"GS01PBTAB03";"JOAO_PESSOA";"100,00";"99,81";"99,38";"99,2";"100";"100";"100"
"CLARO NE";"NE";"PB";"83";"2507507";"PBTAB03";"55S01PBTAB0303";"GS01PBTAB03";"JOAO_PESSOA";"100,00";"99,94";"99,12";"99,06";"100";"100";"100"
"CLARO NE";"NE";"PB";"83";"2507507";"PBTAB05";"55S01PBTAB0501";"GS01PBTAB05";"JOAO_PESSOA";"100,00";"99,96";"99,71";"99,67";"100";"100";"100"
"CLARO NE";"NE";"PB";"83";"2507507";"PBTAB05";"55S01PBTAB0502";"GS01PBTAB05";"JOAO_PESSOA";"100,00";"99,87";"99,42";"99,28";"100";"100";"100"
"CLARO NE";"NE";"PB";"83";"2507507";"PBTAB05";"55S01PBTAB0503";"GS01PBTAB05";"JOAO_PESSOA";"100,00";"99,9";"99,65";"99,55";"100";"100";"100"
"CLARO NE";"NE";"PB";"83";"2507507";"PBTAB09";"55S01PBTAB0901";"GS01PBTAB09";"JOAO_PESSOA";"100,00";"99,84";"99,32";"99,16";"100";"100";"100"
"CLARO NE";"NE";"PB";"83";"2507507";"PBTAB09";"55S01PBTAB0902";"GS01PBTAB09";"JOAO_PESSOA";"100,00";"99,97";"99,71";"99,68";"100";"100";"100"
"CLARO NE";"NE";"PB";"83";"2507507";"PBTAB09";"55S01PBTAB0903";"GS01PBTAB09";"JOAO_PESSOA";"100,00";"97,76";"99,36";"97,14";"100";"100";"100"
"CLARO NE";"NE";"PB";"83";"2507507";"PBTAB12";"55S01PBTAB1201";"GS01PBTAB12";"JOAO_PESSOA";"100,00";"99,87";"99,65";"99,53";"100";"100";"100"
"CLARO NE";"NE";"PB";"83";"2507507";"PBTAB12";"55S01PBTAB1202";"GS01PBTAB12";"JOAO_PESSOA";"100,00";"99,91";"99,62";"99,52";"100";"100";"100"
"CLARO NE";"NE";"PB";"83";"2507507";"PBTAB12";"55S01PBTAB1203";"GS01PBTAB12";"JOAO_PESSOA";"100,00";"99,9";"99,56";"99,46";"100";"100";"100"
"CLARO NE";"NE";"PB";"83";"2507507";"PBTAB18";"55S01PBTAB1801";"GS01PBTAB18";"JOAO_PESSOA";"100,00";"100";"99,72";"99,72";"100";"100";"100"
"CLARO NE";"NE";"PB";"83";"2507507";"PBTAB18";"55S01PBTAB1802";"GS01PBTAB18";"JOAO_PESSOA";"100,00";"99,91";"99,61";"99,52";"100";"100";"100"
"CLARO NE";"NE";"PB";"83";"2507507";"PBTAB18";"55S01PBTAB1803";"GS01PBTAB18";"JOAO_PESSOA";"100,00";"99,98";"99,54";"99,52";"100";"100";"100"
"CLARO NE";"NE";"PB";"83";"2507507";"PBTAB23";"55S01PBTAB2301";"GS01PBTAB23";"JOAO_PESSOA";"100,00";"99,86";"99,42";"99,28";"100";"100";"100"
"CLARO NE";"NE";"PB";"83";"2507507";"PBTAB23";"55S01PBTAB2302";"GS01PBTAB23";"JOAO_PESSOA";"100,00";"99,92";"98,14";"98,06";"100";"100";"100"
"CLARO NE";"NE";"PB";"83";"2507507";"PBTAB23";"55S01PBTAB2303";"GS01PBTAB23";"JOAO_PESSOA";"100,00";"99,9";"99,33";"99,24";"100";"100";"100"
"CLARO NE";"NE";"PB";"83";"2507507";"PBTAB24";"55S01PBTAB2401";"GS01PBTAB24";"JOAO_PESSOA";"100,00";"99,94";"99,68";"99,62";"100";"100";"100"
"CLARO NE";"NE";"PB";"83";"2507507";"PBTAB24";"55S01PBTAB2402";"GS01PBTAB24";"JOAO_PESSOA";"100,00";"99,89";"99,41";"99,3";"100";"100";"100"
"CLARO NE";"NE";"PB";"83";"2507507";"PBTAB24";"55S01PBTAB2403";"GS01PBTAB24";"JOAO_PESSOA";"100,00";"99,96";"99,71";"99,67";"100";"100";"100"
"CLARO NE";"NE";"PB";"83";"2507507";"PBTAB25";"55S01PBTAB2501";"GS01PBTAB25";"JOAO_PESSOA";"100,00";"99,76";"98,6";"98,36";"100";"100";"100"
"CLARO NE";"NE";"PB";"83";"2507507";"PBTAB25";"55S01PBTAB2502";"GS01PBTAB25";"JOAO_PESSOA";"100,00";"99,89";"99,45";"99,34";"100";"100";"100"
"CLARO NE";"NE";"PB";"83";"2507507";"PBTAB25";"55S01PBTAB2503";"GS01PBTAB25";"JOAO_PESSOA";"100,00";"99,82";"99";"98,82";"100";"100";"100"
"CLARO NE";"NE";"PB";"83";"2507507";"PBTAB26";"55S01PBTAB2601";"GS01PBTAB26";"JOAO_PESSOA";"100,00";"99,76";"99,18";"98,94";"100";"100";"100"
"CLARO NE";"NE";"PB";"83";"2507507";"PBTAB26";"55S01PBTAB2602";"GS01PBTAB26";"JOAO_PESSOA";"100,00";"99,9";"99,34";"99,24";"100";"100";"100"
"CLARO NE";"NE";"PB";"83";"2507507";"PBTAB26";"55S01PBTAB2603";"GS01PBTAB26";"JOAO_PESSOA";"100,00";"99,92";"99,59";"99,51";"100";"100";"100"
"CLARO NE";"NE";"PB";"83";"2507507";"PBVAR02";"55S01PBVAR0201";"GS01PBVAR02";"JOAO_PESSOA";"100,00";"99,85";"99,08";"98,93";"100";"100";"100"
"CLARO NE";"NE";"PB";"83";"2507507";"PBVAR02";"55S01PBVAR0202";"GS01PBVAR02";"JOAO_PESSOA";"100,00";"99,83";"98,08";"97,91";"100";"100";"100"
"CLARO NE";"NE";"PB";"83";"2507507";"PBVAR02";"55S01PBVAR0203";"GS01PBVAR02";"JOAO_PESSOA";"100,00";"99,98";"99,65";"99,63";"100";"100";"100"
"CLARO NE";"NE";"PB";"83";"2507507";"PBVAR05";"55S01PBVAR0501";"GS01PBVAR05";"JOAO_PESSOA";"100,00";"100";"99,56";"99,56";"100";"100";"100"
"CLARO NE";"NE";"PB";"83";"2507507";"PBVAR05";"55S01PBVAR0502";"GS01PBVAR05";"JOAO_PESSOA";"100,00";"100";"99,81";"99,81";"100";"100";"100"
"CLARO NE";"NE";"PB";"83";"2507507";"PBVAR05";"55S01PBVAR0503";"GS01PBVAR05";"JOAO_PESSOA";"100,00";"100";"99,54";"99,54";"100";"100";"100"
"CLARO NE";"NE";"PB";"83";"2507507";"PBVAR10";"55S01PBVAR1001";"GS01PBVAR10";"JOAO_PESSOA";"100,00";"99,83";"98,98";"98,81";"100";"100";"100"
"CLARO NE";"NE";"PB";"83";"2507507";"PBVAR10";"55S01PBVAR1002";"GS01PBVAR10";"JOAO_PESSOA";"100,00";"99,8";"99,42";"99,23";"100";"100";"100"
"CLARO NE";"NE";"PB";"83";"2507507";"PBVAR10";"55S01PBVAR1003";"GS01PBVAR10";"JOAO_PESSOA";"100,00";"99,83";"98,95";"98,78";"100";"100";"100"
"CLARO NE";"NE";"PB";"83";"2507507";"PBVAR28";"55S01PBVAR2801";"GS01PBVAR28";"JOAO_PESSOA";"100,00";"99,61";"98,12";"97,74";"100";"100";"100"
"CLARO NE";"NE";"PB";"83";"2507507";"PBVAR28";"55S01PBVAR2802";"GS01PBVAR28";"JOAO_PESSOA";"100,00";"99,84";"99,31";"99,16";"100";"100";"100"
"CLARO NE";"NE";"PB";"83";"2507507";"PBVAR28";"55S01PBVAR2803";"GS01PBVAR28";"JOAO_PESSOA";"100,00";"99,88";"99,26";"99,14";"100";"100";"100"
"CLARO NE";"NE";"RN";"84";"2408102";"RNALC03";"55S01RNALC0301";"GS01RNALC03";"NATAL";"100,00";"99,24";"98,23";"97,48";"100";"100";"100"
"CLARO NE";"NE";"RN";"84";"2408102";"RNALC03";"55S01RNALC0302";"GS01RNALC03";"NATAL";"100,00";"99,87";"99,53";"99,4";"100";"100";"100"
"CLARO NE";"NE";"RN";"84";"2408102";"RNALC03";"55S01RNALC0303";"GS01RNALC03";"NATAL";"100,00";"99,97";"99,52";"99,5";"100";"100";"100"
"CLARO NE";"NE";"RN";"84";"2408102";"RNALC12";"55S01RNALC1201";"GS01RNALC12";"NATAL";"100,00";"99,94";"99,39";"99,33";"100";"100";"100"
"CLARO NE";"NE";"RN";"84";"2408102";"RNALC12";"55S01RNALC1202";"GS01RNALC12";"NATAL";"100,00";"99,97";"99,7";"99,67";"100";"100";"100"
"CLARO NE";"NE";"RN";"84";"2408102";"RNALC12";"55S01RNALC1203";"GS01RNALC12";"NATAL";"100,00";"99,79";"98,5";"98,29";"100";"100";"100"
"CLARO NE";"NE";"RN";"84";"2408102";"RNLNV10";"55S01RNLNV1001";"GS01RNLNV10";"NATAL";"100,00";"99,7";"98,87";"98,57";"100";"100";"100"
"CLARO NE";"NE";"RN";"84";"2408102";"RNLNV10";"55S01RNLNV1002";"GS01RNLNV10";"NATAL";"100,00";"99,87";"98,44";"98,31";"100";"100";"100"
"CLARO NE";"NE";"RN";"84";"2408102";"RNLNV10";"55S01RNLNV1003";"GS01RNLNV10";"NATAL";"100,00";"99,75";"97,64";"97,39";"100";"100";"100"
"CLARO NE";"NE";"RN";"84";"2408102";"RNLNV11";"55S01RNLNV1101";"GS01RNLNV11";"NATAL";"100,00";"99,94";"99,52";"99,46";"100";"100";"100"
"CLARO NE";"NE";"RN";"84";"2408102";"RNLNV11";"55S01RNLNV1102";"GS01RNLNV11";"NATAL";"100,00";"99,97";"98,23";"98,2";"100";"100";"100"
"CLARO NE";"NE";"RN";"84";"2408102";"RNLNV11";"55S01RNLNV1103";"GS01RNLNV11";"NATAL";"100,00";"99,97";"99,35";"99,32";"100";"100";"100"
"CLARO NE";"NE";"RN";"84";"2408102";"RNLNV27";"55S01RNLNV2701";"GS01RNLNV27";"NATAL";"100,00";"99,99";"99,83";"99,82";"100";"100";"100"
"CLARO NE";"NE";"RN";"84";"2408102";"RNLNV27";"55S01RNLNV2702";"GS01RNLNV27";"NATAL";"100,00";"99,97";"99,75";"99,73";"100";"100";"100"
"CLARO NE";"NE";"RN";"84";"2408102";"RNLNV27";"55S01RNLNV2703";"GS01RNLNV27";"NATAL";"100,00";"99,95";"99,57";"99,52";"100";"100";"100"
"CLARO NE";"NE";"RN";"84";"2408102";"RNPTR01";"55S01RNPTR0101";"GS01RNPTR01";"NATAL";"100,00";"99,9";"99,53";"99,43";"100";"100";"100"
"CLARO NE";"NE";"RN";"84";"2408102";"RNPTR01";"55S01RNPTR0102";"GS01RNPTR01";"NATAL";"100,00";"99,95";"99,45";"99,41";"100";"100";"100"
"CLARO NE";"NE";"RN";"84";"2408102";"RNPTR01";"55S01RNPTR0103";"GS01RNPTR01";"NATAL";"100,00";"99,89";"99,21";"99,1";"100";"100";"100"
"CLARO NE";"NE";"RN";"84";"2408102";"RNPTR02";"55S01RNPTR0201";"GS01RNPTR02";"NATAL";"100,00";"99,85";"99,24";"99,09";"100";"100";"100"
"CLARO NE";"NE";"RN";"84";"2408102";"RNPTR02";"55S01RNPTR0202";"GS01RNPTR02";"NATAL";"100,00";"99,94";"99,27";"99,21";"100";"100";"100"
"CLARO NE";"NE";"RN";"84";"2408102";"RNPTR02";"55S01RNPTR0203";"GS01RNPTR02";"NATAL";"100,00";"99,83";"98,72";"98,55";"100";"100";"100"
"CLARO NE";"NE";"RN";"84";"2408102";"RNPTR05";"55S01RNPTR0501";"GS01RNPTR05";"NATAL";"100,00";"99,94";"98,69";"98,63";"100";"100";"100"
"CLARO NE";"NE";"RN";"84";"2408102";"RNPTR05";"55S01RNPTR0502";"GS01RNPTR05";"NATAL";"100,00";"99,96";"99,5";"99,45";"100";"100";"100"
"CLARO NE";"NE";"RN";"84";"2408102";"RNPTR05";"55S01RNPTR0503";"GS01RNPTR05";"NATAL";"100,00";"99,81";"99,09";"98,9";"100";"100";"100"
"CLARO NE";"NE";"RN";"84";"2408102";"RNPTR13";"55S01RNPTR1301";"GS01RNPTR13";"NATAL";"100,00";"99,92";"99,25";"99,17";"100";"100";"100"
"CLARO NE";"NE";"RN";"84";"2408102";"RNPTR13";"55S01RNPTR1302";"GS01RNPTR13";"NATAL";"100,00";"99,9";"99,27";"99,18";"100";"100";"100"
"CLARO NE";"NE";"RN";"84";"2408102";"RNPTR13";"55S01RNPTR1303";"GS01RNPTR13";"NATAL";"100,00";"99,95";"99,46";"99,4";"100";"100";"100"
"CLARO NE";"NE";"RN";"84";"2408102";"RNPTR17";"55S01RNPTR1701";"GS01RNPTR17";"NATAL";"100,00";"99,94";"99,53";"99,47";"100";"100";"100"
"CLARO NE";"NE";"RN";"84";"2408102";"RNPTR17";"55S01RNPTR1702";"GS01RNPTR17";"NATAL";"100,00";"99,99";"99,82";"99,81";"100";"100";"100"
"CLARO NE";"NE";"RN";"84";"2408102";"RNPTR17";"55S01RNPTR1703";"GS01RNPTR17";"NATAL";"100,00";"99,96";"99,6";"99,56";"100";"100";"100"
"CLARO NE";"NE";"CE";"85";"2304400";"CEAER03";"52S01CEAER0301";"GS01CEAER03";"FORTALEZA";"100,00";"100";"100";"100";"100";"100";"100"
"CLARO NE";"NE";"CE";"85";"2304400";"CEAER03";"52S01CEAER0302";"GS01CEAER03";"FORTALEZA";"100,00";"100";"100";"100";"100";"100";"100"
"CLARO NE";"NE";"CE";"85";"2304400";"CEAER03";"52S01CEAER0303";"GS01CEAER03";"FORTALEZA";"100,00";"100";"100";"100";"100";"100";"100"
"CLARO NE";"NE";"CE";"85";"2304400";"CEAER03";"55S01CEAER0301";"GS01CEAER03";"FORTALEZA";"100,00";"99,97";"99,65";"99,62";"100";"100";"100"
"CLARO NE";"NE";"CE";"85";"2304400";"CEAER03";"55S01CEAER0302";"GS01CEAER03";"FORTALEZA";"100,00";"99,98";"99,23";"99,21";"100";"100";"100"
"CLARO NE";"NE";"CE";"85";"2304400";"CEAER03";"55S01CEAER0303";"GS01CEAER03";"FORTALEZA";"100,00";"99,95";"99,24";"99,19";"100";"100";"100"
"CLARO NE";"NE";"CE";"85";"2304400";"CEAER08";"55S01CEAER0801";"GS01CEAER08";"FORTALEZA";"100,00";"99,94";"99,39";"99,33";"100";"100";"100"
"CLARO NE";"NE";"CE";"85";"2304400";"CEAER08";"55S01CEAER0802";"GS01CEAER08";"FORTALEZA";"100,00";"100";"99,61";"99,61";"100";"100";"100"
"CLARO NE";"NE";"CE";"85";"2304400";"CEAER08";"55S01CEAER0803";"GS01CEAER08";"FORTALEZA";"100,00";"99,97";"99,55";"99,52";"100";"100";"100"
"CLARO NE";"NE";"CE";"85";"2304400";"CEAER11";"55S01CEAER1101";"GS01CEAER11";"FORTALEZA";"100,00";"100";"99,08";"99,08";"100";"100";"100"
"CLARO NE";"NE";"CE";"85";"2304400";"CEAER11";"55S01CEAER1102";"GS01CEAER11";"FORTALEZA";"100,00";"99,78";"98,86";"98,64";"100";"100";"100"
"CLARO NE";"NE";"CE";"85";"2304400";"CEAER11";"55S01CEAER1103";"GS01CEAER11";"FORTALEZA";"100,00";"99,98";"99,63";"99,61";"100";"100";"100"
"CLARO NE";"NE";"CE";"85";"2304400";"CEAER14";"55S01CEAER1401";"GS01CEAER14";"FORTALEZA";"100,00";"99,89";"98,42";"98,3";"100";"100";"100"
"CLARO NE";"NE";"CE";"85";"2304400";"CEAER14";"55S01CEAER1402";"GS01CEAER14";"FORTALEZA";"100,00";"99,8";"98,43";"98,24";"100";"100";"100"
"CLARO NE";"NE";"CE";"85";"2304400";"CEAER14";"55S01CEAER1403";"GS01CEAER14";"FORTALEZA";"100,00";"99,98";"99,19";"99,17";"100";"100";"100"
"CLARO NE";"NE";"CE";"85";"2304400";"CEAER28";"55S01CEAER2801";"GS01CEAER28";"FORTALEZA";"100,00";"99,97";"99,48";"99,44";"100";"100";"100"
"CLARO NE";"NE";"CE";"85";"2304400";"CEAER28";"55S01CEAER2802";"GS01CEAER28";"FORTALEZA";"100,00";"100";"99,65";"99,65";"100";"100";"100"
"CLARO NE";"NE";"CE";"85";"2304400";"CEAER28";"55S01CEAER2803";"GS01CEAER28";"FORTALEZA";"100,00";"99,94";"99,79";"99,73";"100";"100";"100"
"CLARO NE";"NE";"CE";"85";"2304400";"CEALD01";"55S01CEALD0101";"GS01CEALD01";"FORTALEZA";"100,00";"99,81";"98,85";"98,66";"100";"100";"100"
"CLARO NE";"NE";"CE";"85";"2304400";"CEALD01";"55S01CEALD0102";"GS01CEALD01";"FORTALEZA";"100,00";"99,62";"97,65";"97,28";"100";"100";"100"
"CLARO NE";"NE";"CE";"85";"2304400";"CEALD01";"55S01CEALD0103";"GS01CEALD01";"FORTALEZA";"100,00";"99,71";"98,72";"98,44";"100";"100";"100"
"CLARO NE";"NE";"CE";"85";"2304400";"CEALD02";"55S01CEALD0201";"GS01CEALD02";"FORTALEZA";"100,00";"99,94";"99,41";"99,35";"100";"100";"100"
"CLARO NE";"NE";"CE";"85";"2304400";"CEALD02";"55S01CEALD0202";"GS01CEALD02";"FORTALEZA";"100,00";"99,81";"98,44";"98,26";"100";"100";"100"
"CLARO NE";"NE";"CE";"85";"2304400";"CEALD02";"55S01CEALD0203";"GS01CEALD02";"FORTALEZA";"100,00";"99,87";"98,65";"98,53";"100";"100";"100"
"CLARO NE";"NE";"CE";"85";"2304400";"CEALD03";"55S01CEALD0301";"GS01CEALD03";"FORTALEZA";"100,00";"99,82";"99,27";"99,09";"100";"100";"100"
"CLARO NE";"NE";"CE";"85";"2304400";"CEALD03";"55S01CEALD0302";"GS01CEALD03";"FORTALEZA";"100,00";"99,84";"99,1";"98,94";"100";"100";"100"
"CLARO NE";"NE";"CE";"85";"2304400";"CEALD03";"55S01CEALD0303";"GS01CEALD03";"FORTALEZA";"100,00";"99,85";"99,03";"98,88";"100";"100";"100"
"CLARO NE";"NE";"CE";"85";"2304400";"CEALD05";"55S01CEALD0501";"GS01CEALD05";"FORTALEZA";"100,00";"99,93";"99,3";"99,23";"100";"100";"100"
"CLARO NE";"NE";"CE";"85";"2304400";"CEALD05";"55S01CEALD0502";"GS01CEALD05";"FORTALEZA";"100,00";"99,9";"99,36";"99,26";"100";"100";"100"
"CLARO NE";"NE";"CE";"85";"2304400";"CEALD05";"55S01CEALD0503";"GS01CEALD05";"FORTALEZA";"100,00";"99,96";"99,65";"99,61";"100";"100";"100"
"CLARO NE";"NE";"CE";"85";"2304400";"CEALD07";"55S01CEALD0701";"GS01CEALD07";"FORTALEZA";"100,00";"99,93";"99,65";"99,58";"100";"100";"100"
"CLARO NE";"NE";"CE";"85";"2304400";"CEALD07";"55S01CEALD0702";"GS01CEALD07";"FORTALEZA";"100,00";"99,9";"99,39";"99,3";"100";"100";"100"
"CLARO NE";"NE";"CE";"85";"2304400";"CEALD07";"55S01CEALD0703";"GS01CEALD07";"FORTALEZA";"100,00";"99,93";"99,29";"99,22";"100";"100";"100"
"CLARO NE";"NE";"CE";"85";"2304400";"CEALD08";"55S01CEALD0801";"GS01CEALD08";"FORTALEZA";"100,00";"99,91";"99,33";"99,24";"100";"100";"100"
"CLARO NE";"NE";"CE";"85";"2304400";"CEALD08";"55S01CEALD0802";"GS01CEALD08";"FORTALEZA";"100,00";"99,65";"98,51";"98,16";"100";"100";"100"
"CLARO NE";"NE";"CE";"85";"2304400";"CEALD08";"55S01CEALD0803";"GS01CEALD08";"FORTALEZA";"100,00";"99,66";"98,73";"98,4";"100";"100";"100"
"CLARO NE";"NE";"CE";"85";"2304400";"CEALD09";"55S01CEALD0901";"GS01CEALD09";"FORTALEZA";"100,00";"99,88";"98,93";"98,81";"100";"100";"100"
"CLARO NE";"NE";"CE";"85";"2304400";"CEALD09";"55S01CEALD0902";"GS01CEALD09";"FORTALEZA";"100,00";"99,89";"99";"98,89";"100";"100";"100"
"CLARO NE";"NE";"CE";"85";"2304400";"CEALD09";"55S01CEALD0903";"GS01CEALD09";"FORTALEZA";"100,00";"99,87";"99,46";"99,34";"100";"100";"100"
"CLARO NE";"NE";"CE";"85";"2304400";"CEALD10";"55S01CEALD1001";"GS01CEALD10";"FORTALEZA";"100,00";"99,89";"99,25";"99,14";"100";"100";"100"
"CLARO NE";"NE";"CE";"85";"2304400";"CEALD10";"55S01CEALD1002";"GS01CEALD10";"FORTALEZA";"100,00";"99,95";"99,58";"99,53";"100";"100";"100"
"CLARO NE";"NE";"CE";"85";"2304400";"CEALD10";"55S01CEALD1003";"GS01CEALD10";"FORTALEZA";"100,00";"99,97";"99,51";"99,48";"100";"100";"100"
"CLARO NE";"NE";"CE";"85";"2304400";"CEALD13";"55S01CEALD1301";"GS01CEALD13";"FORTALEZA";"100,00";"99,92";"99,54";"99,46";"100";"100";"100"
"CLARO NE";"NE";"CE";"85";"2304400";"CEALD13";"55S01CEALD1302";"GS01CEALD13";"FORTALEZA";"100,00";"99,92";"99,17";"99,09";"100";"100";"100"
"CLARO NE";"NE";"CE";"85";"2304400";"CEALD13";"55S01CEALD1303";"GS01CEALD13";"FORTALEZA";"100,00";"99,92";"99,26";"99,18";"100";"100";"100"
"CLARO NE";"NE";"CE";"85";"2304400";"CEALD14";"55S01CEALD1401";"GS01CEALD14";"FORTALEZA";"100,00";"99,95";"98,73";"98,68";"100";"100";"100"
"CLARO NE";"NE";"CE";"85";"2304400";"CEALD14";"55S01CEALD1402";"GS01CEALD14";"FORTALEZA";"100,00";"99,95";"99,49";"99,44";"100";"100";"100"
"CLARO NE";"NE";"CE";"85";"2304400";"CEALD15";"55S01CEALD1501";"GS01CEALD15";"FORTALEZA";"100,00";"99,97";"99,75";"99,71";"100";"100";"100"
"CLARO NE";"NE";"CE";"85";"2304400";"CEALD15";"55S01CEALD1502";"GS01CEALD15";"FORTALEZA";"100,00";"99,96";"99,52";"99,47";"100";"100";"100"
"CLARO NE";"NE";"CE";"85";"2304400";"CEALD15";"55S01CEALD1503";"GS01CEALD15";"FORTALEZA";"100,00";"99,95";"99,57";"99,51";"100";"100";"100"
"CLARO NE";"NE";"CE";"85";"2304400";"CEALD16";"55S01CEALD1601";"GS01CEALD16";"FORTALEZA";"100,00";"99,82";"99,12";"98,94";"100";"100";"100"
"CLARO NE";"NE";"CE";"85";"2304400";"CEALD16";"55S01CEALD1602";"GS01CEALD16";"FORTALEZA";"100,00";"99,98";"99,54";"99,52";"100";"100";"100"
"CLARO NE";"NE";"CE";"85";"2304400";"CEALD16";"55S01CEALD1603";"GS01CEALD16";"FORTALEZA";"100,00";"99,89";"99,29";"99,18";"100";"100";"100"
"CLARO NE";"NE";"CE";"85";"2304400";"CEALD17";"55S01CEALD1701";"GS01CEALD17";"FORTALEZA";"100,00";"99,91";"99,04";"98,95";"100";"100";"100"
"CLARO NE";"NE";"CE";"85";"2304400";"CEALD17";"55S01CEALD1702";"GS01CEALD17";"FORTALEZA";"100,00";"99,85";"98,9";"98,75";"100";"100";"100"
"CLARO NE";"NE";"CE";"85";"2304400";"CEALD17";"55S01CEALD1703";"GS01CEALD17";"FORTALEZA";"100,00";"99,99";"99,68";"99,67";"100";"100";"100"
"CLARO NE";"NE";"CE";"85";"2304400";"CEALD18";"55S01CEALD1801";"GS01CEALD18";"FORTALEZA";"100,00";"99,73";"99,44";"99,18";"100";"100";"100"
"CLARO NE";"NE";"CE";"85";"2304400";"CEALD18";"55S01CEALD1802";"GS01CEALD18";"FORTALEZA";"100,00";"99,89";"98,99";"98,88";"100";"100";"100"
"CLARO NE";"NE";"CE";"85";"2304400";"CEALD18";"55S01CEALD1803";"GS01CEALD18";"FORTALEZA";"100,00";"99,85";"98,92";"98,77";"100";"100";"100"
"CLARO NE";"NE";"CE";"85";"2304400";"CEALD19";"55S01CEALD1901";"GS01CEALD19";"FORTALEZA";"100,00";"99,91";"99,39";"99,3";"100";"100";"100"
"CLARO NE";"NE";"CE";"85";"2304400";"CEALD19";"55S01CEALD1902";"GS01CEALD19";"FORTALEZA";"100,00";"99,88";"98,99";"98,87";"100";"100";"100"
"CLARO NE";"NE";"CE";"85";"2304400";"CEALD19";"55S01CEALD1903";"GS01CEALD19";"FORTALEZA";"100,00";"99,93";"99,48";"99,41";"100";"100";"100"
"CLARO NE";"NE";"CE";"85";"2304400";"CEALD21";"55S01CEALD2101";"GS01CEALD21";"FORTALEZA";"100,00";"99,89";"99,49";"99,39";"100";"100";"100"
"CLARO NE";"NE";"CE";"85";"2304400";"CEALD21";"55S01CEALD2102";"GS01CEALD21";"FORTALEZA";"100,00";"99,95";"99,55";"99,5";"100";"100";"100"
"CLARO NE";"NE";"CE";"85";"2304400";"CEALD21";"55S01CEALD2103";"GS01CEALD21";"FORTALEZA";"100,00";"99,9";"99,24";"99,14";"100";"100";"100"
"CLARO NE";"NE";"CE";"85";"2304400";"CEALD25";"55S01CEALD2501";"GS01CEALD25";"FORTALEZA";"100,00";"99,93";"99,62";"99,56";"100";"100";"100"
"CLARO NE";"NE";"CE";"85";"2304400";"CEALD25";"55S01CEALD2502";"GS01CEALD25";"FORTALEZA";"100,00";"99,95";"99,51";"99,46";"100";"100";"100"
"CLARO NE";"NE";"CE";"85";"2304400";"CEALD25";"55S01CEALD2503";"GS01CEALD25";"FORTALEZA";"100,00";"99,92";"99,43";"99,36";"100";"100";"100"
"CLARO NE";"NE";"CE";"85";"2304400";"CEALD26";"55S01CEALD2601";"GS01CEALD26";"FORTALEZA";"100,00";"99,97";"99,55";"99,52";"100";"100";"100"
"CLARO NE";"NE";"CE";"85";"2304400";"CEALD26";"55S01CEALD2602";"GS01CEALD26";"FORTALEZA";"100,00";"99,89";"99,06";"98,96";"100";"100";"100"
"CLARO NE";"NE";"CE";"85";"2304400";"CEALD26";"55S01CEALD2603";"GS01CEALD26";"FORTALEZA";"100,00";"99,88";"99,4";"99,28";"100";"100";"100"
"CLARO NE";"NE";"CE";"85";"2304400";"CEALD27";"55S01CEALD2702";"GS01CEALD27";"FORTALEZA";"100,00";"99,71";"99,26";"98,98";"100";"100";"100"
"CLARO NE";"NE";"CE";"85";"2304400";"CEALD27";"55S01CEALD2703";"GS01CEALD27";"FORTALEZA";"100,00";"63,22";"99,36";"62,82";"100";"100";"100"
"CLARO NE";"NE";"CE";"85";"2304400";"CEBAE02";"55S01CEBAE0201";"GS01CEBAE02";"FORTALEZA";"100,00";"100";"99,75";"99,75";"100";"100";"100"
"CLARO NE";"NE";"CE";"85";"2304400";"CEBAE02";"55S01CEBAE0202";"GS01CEBAE02";"FORTALEZA";"100,00";"99,96";"99,36";"99,33";"100";"100";"100"
"CLARO NE";"NE";"CE";"85";"2304400";"CEBAE02";"55S01CEBAE0203";"GS01CEBAE02";"FORTALEZA";"100,00";"100";"99,28";"99,28";"100";"100";"100"
"CLARO NE";"NE";"CE";"85";"2304400";"CEBAE11";"55S01CEBAE1101";"GS01CEBAE11";"FORTALEZA";"100,00";"99,96";"99,32";"99,29";"100";"100";"100"
"CLARO NE";"NE";"CE";"85";"2304400";"CEBAE11";"55S01CEBAE1102";"GS01CEBAE11";"FORTALEZA";"100,00";"100";"99,65";"99,65";"100";"100";"100"
"CLARO NE";"NE";"CE";"85";"2304400";"CECEN03";"55S01CECEN0301";"GS01CECEN03";"FORTALEZA";"100,00";"99,97";"99,5";"99,47";"100";"100";"100"
"CLARO NE";"NE";"CE";"85";"2304400";"CECEN03";"55S01CECEN0302";"GS01CECEN03";"FORTALEZA";"100,00";"99,92";"99,52";"99,44";"100";"100";"100"
"CLARO NE";"NE";"CE";"85";"2304400";"CECEN03";"55S01CECEN0303";"GS01CECEN03";"FORTALEZA";"100,00";"99,97";"99,35";"99,32";"100";"100";"100"
"CLARO NE";"NE";"CE";"85";"2304400";"CEEDS08";"55S01CEEDS0801";"GS01CEEDS08";"FORTALEZA";"100,00";"99,9";"98,95";"98,85";"100";"100";"100"
"CLARO NE";"NE";"CE";"85";"2304400";"CEEDS08";"55S01CEEDS0802";"GS01CEEDS08";"FORTALEZA";"100,00";"99,78";"98,63";"98,41";"100";"100";"100"
"CLARO NE";"NE";"CE";"85";"2304400";"CEEDS08";"55S01CEEDS0803";"GS01CEEDS08";"FORTALEZA";"100,00";"99,86";"98,87";"98,74";"100";"100";"100"
"CLARO NE";"NE";"CE";"85";"2304400";"CEMES02";"52S01CEMES0201";"GS01CEMES02";"FORTALEZA";"100,00";"100";"100";"100";"100";"100";"100"
"CLARO NE";"NE";"CE";"85";"2304400";"CEMES02";"52S01CEMES0202";"GS01CEMES02";"FORTALEZA";"100,00";"100";"100";"100";"100";"100";"100"
"CLARO NE";"NE";"CE";"85";"2304400";"CEMES02";"52S01CEMES0203";"GS01CEMES02";"FORTALEZA";"100,00";"100";"100";"100";"100";"100";"100"
"CLARO NE";"NE";"CE";"85";"2304400";"CEPAC04";"55S01CEPAC0401";"GS01CEPAC04";"FORTALEZA";"100,00";"99,91";"99,54";"99,45";"100";"100";"100"
"CLARO NE";"NE";"CE";"85";"2304400";"CEPAC04";"55S01CEPAC0402";"GS01CEPAC04";"FORTALEZA";"100,00";"99,86";"99,18";"99,04";"100";"100";"100"
"CLARO NE";"NE";"CE";"85";"2304400";"CEPAC04";"55S01CEPAC0403";"GS01CEPAC04";"FORTALEZA";"100,00";"99,96";"99,5";"99,46";"100";"100";"100"
"CLARO NE";"NE";"CE";"85";"2304400";"CEPAC05";"55S01CEPAC0501";"GS01CEPAC05";"FORTALEZA";"100,00";"99,76";"98,68";"98,45";"100";"100";"100"
"CLARO NE";"NE";"CE";"85";"2304400";"CEPAC05";"55S01CEPAC0502";"GS01CEPAC05";"FORTALEZA";"100,00";"99,76";"98,84";"98,6";"100";"100";"100"
"CLARO NE";"NE";"CE";"85";"2304400";"CEPAC05";"55S01CEPAC0503";"GS01CEPAC05";"FORTALEZA";"100,00";"99,77";"98,83";"98,6";"100";"100";"100"
"CLARO NE";"NE";"CE";"85";"2304400";"CEPAC07";"55S01CEPAC0701";"GS01CEPAC07";"FORTALEZA";"99,75";"100";"99,74";"99,49";"100";"100";"99,75"
"CLARO NE";"NE";"CE";"85";"2304400";"CEPAC07";"55S01CEPAC0702";"GS01CEPAC07";"FORTALEZA";"99,76";"99,99";"99,88";"99,63";"100";"100";"99,76"
"CLARO NE";"NE";"CE";"85";"2304400";"CEPAC07";"55S01CEPAC0703";"GS01CEPAC07";"FORTALEZA";"99,75";"100";"99,59";"99,35";"100";"100";"99,75"
"CLARO NE";"NE";"CE";"85";"2304400";"CEPAC09";"55S01CEPAC0901";"GS01CEPAC09";"FORTALEZA";"100,00";"99,88";"99,44";"99,32";"100";"100";"100"
"CLARO NE";"NE";"CE";"85";"2304400";"CEPAC09";"55S01CEPAC0902";"GS01CEPAC09";"FORTALEZA";"100,00";"100";"99,8";"99,8";"100";"100";"100"
"CLARO NE";"NE";"CE";"85";"2304400";"CEPAC09";"55S01CEPAC0903";"GS01CEPAC09";"FORTALEZA";"100,00";"99,89";"99,32";"99,21";"100";"100";"100"
"CLARO NE";"NE";"CE";"85";"2304400";"CEPAC11";"55S01CEPAC1101";"GS01CEPAC11";"FORTALEZA";"100,00";"99,79";"99,01";"98,8";"100";"100";"100"
"CLARO NE";"NE";"CE";"85";"2304400";"CEPAC11";"55S01CEPAC1102";"GS01CEPAC11";"FORTALEZA";"100,00";"99,99";"99,84";"99,82";"100";"100";"100"
"CLARO NE";"NE";"CE";"85";"2304400";"CEPAC11";"55S01CEPAC1103";"GS01CEPAC11";"FORTALEZA";"100,00";"99,98";"99,73";"99,71";"100";"100";"100"
"CLARO NE";"NE";"CE";"85";"2304400";"CEPAR07";"55S01CEPAR0701";"GS01CEPAR07";"FORTALEZA";"100,00";"99,96";"99,64";"99,6";"100";"100";"100"
"CLARO NE";"NE";"CE";"85";"2304400";"CEPAR07";"55S01CEPAR0702";"GS01CEPAR07";"FORTALEZA";"100,00";"99,87";"99,25";"99,12";"100";"100";"100"
"CLARO NE";"NE";"CE";"85";"2304400";"CEPAR07";"55S01CEPAR0703";"GS01CEPAR07";"FORTALEZA";"100,00";"99,89";"99,18";"99,07";"100";"100";"100"
"CLARO NE";"NE";"CE";"85";"2304400";"CEPAR21";"55S01CEPAR2101";"GS01CEPAR21";"FORTALEZA";"100,00";"99,99";"99,63";"99,61";"100";"100";"100"
"CLARO NE";"NE";"CE";"85";"2304400";"CEPAR21";"55S01CEPAR2102";"GS01CEPAR21";"FORTALEZA";"100,00";"99,95";"99,1";"99,05";"100";"100";"100"
"CLARO NE";"NE";"CE";"85";"2304400";"CEPAR21";"55S01CEPAR2103";"GS01CEPAR21";"FORTALEZA";"100,00";"99,88";"99,44";"99,33";"100";"100";"100"
"CLARO NE";"NE";"CE";"85";"2304400";"CEPAR26";"52S01CEPAR2601";"GS01CEPAR26";"FORTALEZA";"100,00";"100";"100";"100";"100";"100";"100"
"CLARO NE";"NE";"CE";"85";"2304400";"CEPAR26";"52S01CEPAR2602";"GS01CEPAR26";"FORTALEZA";"100,00";"100";"100";"100";"100";"100";"100"
"CLARO NE";"NE";"CE";"85";"2304400";"CEPAR26";"52S01CEPAR2603";"GS01CEPAR26";"FORTALEZA";"100,00";"100";"100";"100";"100";"100";"100"
"CLARO NE";"NE";"CE";"85";"2304400";"CEPAR26";"55S01CEPAR2601";"GS01CEPAR26";"FORTALEZA";"100,00";"99,95";"99,53";"99,48";"100";"100";"100"
"CLARO NE";"NE";"CE";"85";"2304400";"CEPAR26";"55S01CEPAR2602";"GS01CEPAR26";"FORTALEZA";"100,00";"99,95";"99,63";"99,59";"100";"100";"100"
"CLARO NE";"NE";"CE";"85";"2304400";"CEPAR26";"55S01CEPAR2603";"GS01CEPAR26";"FORTALEZA";"100,00";"99,97";"99,51";"99,48";"100";"100";"100"
"CLARO NE";"NE";"CE";"85";"2304400";"CEPAR31";"55S01CEPAR3101";"GS01CEPAR31";"FORTALEZA";"100,00";"99,83";"99,2";"99,03";"100";"100";"100"
"CLARO NE";"NE";"CE";"85";"2304400";"CEPAR31";"55S01CEPAR3102";"GS01CEPAR31";"FORTALEZA";"100,00";"99,93";"99,4";"99,34";"100";"100";"100"
"CLARO NE";"NE";"CE";"85";"2304400";"CEPAR31";"55S01CEPAR3103";"GS01CEPAR31";"FORTALEZA";"100,00";"100";"99,53";"99,53";"100";"100";"100"
"CLARO NE";"NE";"PI";"86";"2211001";"PITER01";"52S01PITER0101";"GS01PITER01";"TERESINA";"100,00";"100";"100";"100";"100";"100";"100"
"CLARO NE";"NE";"PI";"86";"2211001";"PITER01";"52S01PITER0102";"GS01PITER01";"TERESINA";"100,00";"100";"100";"100";"100";"100";"100"
"CLARO NE";"NE";"PI";"86";"2211001";"PITER01";"52S01PITER0103";"GS01PITER01";"TERESINA";"100,00";"100";"100";"100";"100";"100";"100"
"CLARO NE";"NE";"PI";"86";"2211001";"PITER01";"55S01PITER0101";"GS01PITER01";"TERESINA";"100,00";"99,8";"98,46";"98,26";"100";"100";"100"
"CLARO NE";"NE";"PI";"86";"2211001";"PITER01";"55S01PITER0102";"GS01PITER01";"TERESINA";"100,00";"99,87";"98,22";"98,09";"100";"100";"100"
"CLARO NE";"NE";"PI";"86";"2211001";"PITER01";"55S01PITER0103";"GS01PITER01";"TERESINA";"100,00";"99,9";"98,8";"98,7";"100";"100";"100"
"CLARO NE";"NE";"PI";"86";"2211001";"PITER04";"52S01PITER0401";"GS01PITER04";"TERESINA";"100,00";"100";"100";"100";"100";"100";"100"
"CLARO NE";"NE";"PI";"86";"2211001";"PITER04";"52S01PITER0402";"GS01PITER04";"TERESINA";"100,00";"100";"100";"100";"100";"100";"100"
"CLARO NE";"NE";"PI";"86";"2211001";"PITER04";"52S01PITER0403";"GS01PITER04";"TERESINA";"100,00";"100";"100";"100";"100";"100";"100"
"CLARO NE";"NE";"PI";"86";"2211001";"PITER04";"55S01PITER0401";"GS01PITER04";"TERESINA";"100,00";"99,86";"98,15";"98,01";"100";"100";"100"
"CLARO NE";"NE";"PI";"86";"2211001";"PITER04";"55S01PITER0402";"GS01PITER04";"TERESINA";"100,00";"99,97";"99,49";"99,46";"100";"100";"100"
"CLARO NE";"NE";"PI";"86";"2211001";"PITER04";"55S01PITER0403";"GS01PITER04";"TERESINA";"100,00";"99,89";"98,69";"98,58";"100";"100";"100"
"CLARO NE";"NE";"PI";"86";"2211001";"PITER05";"52S01PITER0501";"GS01PITER05";"TERESINA";"100,00";"100";"100";"100";"100";"100";"100"
"CLARO NE";"NE";"PI";"86";"2211001";"PITER05";"52S01PITER0502";"GS01PITER05";"TERESINA";"100,00";"100";"100";"100";"100";"100";"100"
"CLARO NE";"NE";"PI";"86";"2211001";"PITER05";"52S01PITER0503";"GS01PITER05";"TERESINA";"100,00";"100";"100";"100";"100";"100";"100"
"CLARO NE";"NE";"PI";"86";"2211001";"PITER05";"55S01PITER0501";"GS01PITER05";"TERESINA";"100,00";"99,81";"98,89";"98,7";"100";"100";"100"
"CLARO NE";"NE";"PI";"86";"2211001";"PITER05";"55S01PITER0502";"GS01PITER05";"TERESINA";"100,00";"99,95";"99,07";"99,02";"100";"100";"100"
"CLARO NE";"NE";"PI";"86";"2211001";"PITER05";"55S01PITER0503";"GS01PITER05";"TERESINA";"100,00";"99,88";"98,92";"98,8";"100";"100";"100"
"CLARO NE";"NE";"PI";"86";"2211001";"PITER06";"52S01PITER0601";"GS01PITER06";"TERESINA";"100,00";"100";"100";"100";"100";"100";"100"
"CLARO NE";"NE";"PI";"86";"2211001";"PITER06";"52S01PITER0602";"GS01PITER06";"TERESINA";"100,00";"100";"100";"100";"100";"100";"100"
"CLARO NE";"NE";"PI";"86";"2211001";"PITER06";"52S01PITER0603";"GS01PITER06";"TERESINA";"100,00";"100";"100";"100";"100";"100";"100"
"CLARO NE";"NE";"PI";"86";"2211001";"PITER11";"52S01PITER1101";"GS01PITER11";"TERESINA";"100,00";"100";"75";"75";"100";"100";"100"
"CLARO NE";"NE";"PI";"86";"2211001";"PITER11";"52S01PITER1102";"GS01PITER11";"TERESINA";"100,00";"100";"100";"100";"100";"100";"100"
"CLARO NE";"NE";"PI";"86";"2211001";"PITER11";"52S01PITER1103";"GS01PITER11";"TERESINA";"100,00";"100";"80";"80";"100";"100";"100"
"CLARO NE";"NE";"PI";"86";"2211001";"PITER11";"55S01PITER1101";"GS01PITER11";"TERESINA";"100,00";"99,85";"98,84";"98,7";"100";"100";"100"
"CLARO NE";"NE";"PI";"86";"2211001";"PITER11";"55S01PITER1102";"GS01PITER11";"TERESINA";"100,00";"99,95";"99,46";"99,41";"100";"100";"100"
"CLARO NE";"NE";"PI";"86";"2211001";"PITER11";"55S01PITER1103";"GS01PITER11";"TERESINA";"100,00";"99,84";"98,06";"97,91";"100";"100";"100"
"CLARO NE";"NE";"PI";"86";"2211001";"PITER14";"52S01PITER1401";"GS01PITER14";"TERESINA";"100,00";"100";"100";"100";"100";"100";"100"
"CLARO NE";"NE";"PI";"86";"2211001";"PITER14";"52S01PITER1402";"GS01PITER14";"TERESINA";"100,00";"100";"100";"100";"100";"100";"100"
"CLARO NE";"NE";"PI";"86";"2211001";"PITER14";"52S01PITER1403";"GS01PITER14";"TERESINA";"100,00";"100";"100";"100";"100";"100";"100"
"CLARO NE";"NE";"PI";"86";"2211001";"PITER18";"52S01PITER1801";"GS01PITER18";"TERESINA";"100,00";"100";"100";"100";"100";"100";"100"
"CLARO NE";"NE";"PI";"86";"2211001";"PITER18";"52S01PITER1802";"GS01PITER18";"TERESINA";"100,00";"100";"100";"100";"100";"100";"100"
"CLARO NE";"NE";"PI";"86";"2211001";"PITER18";"52S01PITER1803";"GS01PITER18";"TERESINA";"100,00";"100";"100";"100";"100";"100";"100"
"CLARO NE";"NE";"PI";"86";"2211001";"PITER18";"55S01PITER1801";"GS01PITER18";"TERESINA";"100,00";"100";"96,9";"96,9";"100";"100";"100"
"CLARO NE";"NE";"PI";"86";"2211001";"PITER18";"55S01PITER1802";"GS01PITER18";"TERESINA";"100,00";"99,78";"98,5";"98,28";"100";"100";"100"
"CLARO NE";"NE";"PI";"86";"2211001";"PITER18";"55S01PITER1803";"GS01PITER18";"TERESINA";"100,00";"99,93";"99,59";"99,52";"100";"100";"100"
"CLARO NE";"NE";"PI";"86";"2211001";"PITER31";"52S01PITER3101";"GS01PITER31";"TERESINA";"100,00";"100";"100";"100";"100";"100";"100"
"CLARO NE";"NE";"PI";"86";"2211001";"PITER31";"52S01PITER3102";"GS01PITER31";"TERESINA";"100,00";"100";"100";"100";"100";"100";"100"
"CLARO NE";"NE";"PI";"86";"2211001";"PITER31";"52S01PITER3103";"GS01PITER31";"TERESINA";"100,00";"100";"100";"100";"100";"100";"100"
"CLARO NE";"NE";"PI";"86";"2211001";"PITER31";"55S01PITER3101";"GS01PITER31";"TERESINA";"100,00";"99,86";"98,86";"98,72";"100";"100";"100"
"CLARO NE";"NE";"PI";"86";"2211001";"PITER31";"55S01PITER3102";"GS01PITER31";"TERESINA";"100,00";"99,86";"99,27";"99,13";"100";"100";"100"
"CLARO NE";"NE";"PI";"86";"2211001";"PITER31";"55S01PITER3103";"GS01PITER31";"TERESINA";"100,00";"99,9";"99,05";"98,94";"100";"100";"100"
"CLARO NE";"NE";"PI";"86";"2211001";"PITER33";"52S01PITER3301";"GS01PITER33";"TERESINA";"100,00";"100";"92,86";"92,86";"100";"100";"100"
"CLARO NE";"NE";"PI";"86";"2211001";"PITER33";"52S01PITER3302";"GS01PITER33";"TERESINA";"100,00";"100";"100";"100";"100";"100";"100"
"CLARO NE";"NE";"PI";"86";"2211001";"PITER33";"52S01PITER3303";"GS01PITER33";"TERESINA";"100,00";"100";"100";"100";"100";"100";"100"
"CLARO NE";"NE";"PI";"86";"2211001";"PITER33";"55S01PITER3301";"GS01PITER33";"TERESINA";"100,00";"99,89";"99,08";"98,97";"100";"100";"100"
"CLARO NE";"NE";"PI";"86";"2211001";"PITER33";"55S01PITER3302";"GS01PITER33";"TERESINA";"100,00";"99,89";"98,8";"98,69";"100";"100";"100"
"CLARO NE";"NE";"PI";"86";"2211001";"PITER33";"55S01PITER3303";"GS01PITER33";"TERESINA";"100,00";"99,82";"98,28";"98,11";"100";"100";"100"
"CLARO NE";"NE";"PI";"86";"2211001";"PITER43";"52S01PITER4301";"GS01PITER43";"TERESINA";"100,00";"100";"97,96";"97,96";"100";"100";"100"
"CLARO NE";"NE";"PI";"86";"2211001";"PITER43";"52S01PITER4302";"GS01PITER43";"TERESINA";"100,00";"100";"100";"100";"100";"100";"100"
"CLARO NE";"NE";"PI";"86";"2211001";"PITER43";"52S01PITER4303";"GS01PITER43";"TERESINA";"100,00";"100";"100";"100";"100";"100";"100"
"CLARO NE";"NE";"PI";"86";"2211001";"PITER43";"55S01PITER4301";"GS01PITER43";"TERESINA";"100,00";"99,92";"99,42";"99,35";"100";"100";"100"
"CLARO NE";"NE";"PI";"86";"2211001";"PITER43";"55S01PITER4302";"GS01PITER43";"TERESINA";"100,00";"99,94";"99,26";"99,2";"100";"100";"100"
"CLARO NE";"NE";"PI";"86";"2211001";"PITER43";"55S01PITER4303";"GS01PITER43";"TERESINA";"100,00";"99,86";"99,42";"99,29";"100";"100";"100"
"CLARO NE";"NE";"PI";"86";"2211001";"PITER71";"52S01PITER7101";"GS01PITER71";"TERESINA";"100,00";"100";"100";"100";"100";"100";"100"
"CLARO NE";"NE";"PI";"86";"2211001";"PITER71";"52S01PITER7102";"GS01PITER71";"TERESINA";"100,00";"100";"100";"100";"100";"100";"100"
"CLARO NE";"NE";"PI";"86";"2211001";"PITER71";"52S01PITER7103";"GS01PITER71";"TERESINA";"100,00";"100";"100";"100";"100";"100";"100"
"CLARO NE";"NE";"PI";"86";"2211001";"PITER71";"55S01PITER7101";"GS01PITER71";"TERESINA";"100,00";"100";"98,53";"98,53";"100";"100";"100"
"CLARO NE";"NE";"PI";"86";"2211001";"PITER71";"55S01PITER7102";"GS01PITER71";"TERESINA";"100,00";"99,83";"99,06";"98,89";"100";"100";"100"
"CLARO NE";"NE";"PI";"86";"2211001";"PITER71";"55S01PITER7103";"GS01PITER71";"TERESINA";"100,00";"99,89";"98,95";"98,84";"100";"100";"100"
"CLARO NE";"NE";"PI";"86";"2211001";"PITER75";"52S01PITER7501";"GS01PITER75";"TERESINA";"100,00";"100";"88,89";"88,89";"100";"100";"100"
"CLARO NE";"NE";"PI";"86";"2211001";"PITER75";"52S01PITER7502";"GS01PITER75";"TERESINA";"100,00";"100";"95,45";"95,45";"100";"100";"100"
"CLARO NE";"NE";"PI";"86";"2211001";"PITER75";"52S01PITER7503";"GS01PITER75";"TERESINA";"100,00";"100";"100";"100";"100";"100";"100"
"CLARO NE";"NE";"PI";"86";"2211001";"PITER75";"55S01PITER7501";"GS01PITER75";"TERESINA";"100,00";"99,93";"99,29";"99,23";"100";"100";"100"
"CLARO NE";"NE";"PI";"86";"2211001";"PITER75";"55S01PITER7502";"GS01PITER75";"TERESINA";"100,00";"99,93";"99,3";"99,23";"100";"100";"100"
"CLARO NE";"NE";"PI";"86";"2211001";"PITER75";"55S01PITER7503";"GS01PITER75";"TERESINA";"100,00";"99,97";"99,56";"99,53";"100";"100";"100"
